Year,Country,CO2_Emissions,Sea_Level_Rise_mm,Avg_Temperature_C,Renewable_Energy_Pct,Extreme_Weather_Events,Forest_Area_Pct,Cluster,Risk_Category
2006.0,UK,9.3,3.1,8.9,20.4,14.0,59.8,1,High Risk
2019.0,USA,4.8,4.2,31.0,49.2,8.0,31.0,3,Low Risk
2014.0,France,2.8,2.2,33.9,33.3,9.0,35.5,3,Low Risk
2010.0,Argentina,1.8,3.2,5.9,23.7,7.0,17.7,3,Low Risk
2007.0,Germany,5.6,2.4,26.9,12.5,4.0,17.4,2,Medium-Low Risk
2020.0,China,1.4,2.7,32.3,49.4,12.0,47.2,3,Low Risk
2006.0,Argentina,11.6,3.9,30.7,41.9,10.0,50.5,0,Medium-High Risk
2018.0,South Africa,6.0,4.5,33.9,17.7,1.0,56.6,2,Medium-Low Risk
2022.0,UK,16.6,1.5,27.8,8.2,4.0,43.4,1,High Risk
2010.0,Australia,1.9,3.5,18.3,7.5,5.0,48.7,2,Medium-Low Risk
2010.0,Indonesia,4.9,3.3,14.4,10.4,13.0,10.8,2,Medium-Low Risk
2023.0,South Africa,14.7,1.5,14.6,31.1,14.0,19.7,1,High Risk
2020.0,Brazil,12.2,1.8,26.7,46.8,0.0,69.1,1,High Risk
2003.0,USA,1.8,2.2,27.4,27.4,10.0,14.6,3,Low Risk
2007.0,Germany,17.6,1.7,11.0,42.9,3.0,50.7,1,High Risk
2023.0,India,17.6,2.0,31.0,25.1,8.0,20.6,0,Medium-High Risk
2002.0,Russia,6.9,2.1,26.4,36.9,1.0,53.0,3,Low Risk
2021.0,France,7.1,2.3,21.9,37.9,4.0,52.4,3,Low Risk
2020.0,China,19.8,4.0,19.1,12.8,0.0,24.1,1,High Risk
2001.0,Canada,12.7,3.3,21.3,21.3,3.0,26.2,0,Medium-High Risk
2023.0,France,10.9,4.9,9.8,33.7,3.0,49.3,1,High Risk
2011.0,Mexico,16.8,2.7,11.1,8.2,5.0,33.4,1,High Risk
2005.0,India,6.1,4.0,7.7,21.3,9.0,21.7,3,Low Risk
2001.0,Indonesia,8.9,4.5,9.6,29.1,8.0,53.9,1,High Risk
2020.0,Russia,5.7,3.7,18.6,49.8,2.0,19.2,3,Low Risk
2000.0,India,15.9,2.6,20.9,26.4,8.0,61.3,1,High Risk
2011.0,Australia,11.7,4.0,5.5,41.7,5.0,40.9,1,High Risk
2021.0,USA,13.3,1.8,28.9,24.4,6.0,16.3,0,Medium-High Risk
2011.0,UK,5.4,2.3,13.8,40.8,11.0,51.6,3,Low Risk
2016.0,China,4.8,3.2,32.4,31.8,9.0,41.1,2,Medium-Low Risk
2009.0,Japan,10.0,3.3,34.0,44.9,1.0,27.9,0,Medium-High Risk
2015.0,USA,14.9,1.1,10.6,23.5,10.0,35.4,1,High Risk
2014.0,Japan,10.7,4.8,18.9,32.2,9.0,27.9,0,Medium-High Risk
2014.0,South Africa,1.1,3.8,5.0,33.4,13.0,25.8,3,Low Risk
2018.0,UK,17.4,3.0,22.9,23.8,5.0,19.8,0,Medium-High Risk
2011.0,Russia,1.8,4.7,23.2,11.5,5.0,31.8,2,Medium-Low Risk
2022.0,Germany,19.1,2.8,12.4,9.2,1.0,25.1,1,High Risk
2019.0,Canada,1.0,4.9,21.8,5.8,1.0,51.0,2,Medium-Low Risk
2002.0,Brazil,14.0,3.0,11.8,44.3,13.0,51.0,1,High Risk
2004.0,Argentina,2.1,1.5,9.8,15.6,1.0,40.1,2,Medium-Low Risk
2018.0,UK,18.3,4.1,24.5,14.5,9.0,56.7,0,Medium-High Risk
2006.0,USA,9.6,3.7,14.8,38.1,11.0,60.5,3,Low Risk
2020.0,China,3.2,4.1,22.7,19.4,0.0,44.8,2,Medium-Low Risk
2008.0,Argentina,7.1,4.8,18.0,27.8,4.0,47.1,2,Medium-Low Risk
2006.0,Mexico,3.7,4.1,34.5,12.3,7.0,27.0,2,Medium-Low Risk
2017.0,Mexico,3.8,3.4,9.5,48.2,1.0,63.7,3,Low Risk
2003.0,India,19.0,4.4,18.9,43.3,12.0,11.5,0,Medium-High Risk
2013.0,Argentina,9.2,3.7,25.4,43.9,14.0,30.9,0,Medium-High Risk
2017.0,China,15.9,2.6,16.9,23.3,4.0,53.3,1,High Risk
2008.0,Russia,13.0,4.5,34.2,39.3,11.0,14.8,0,Medium-High Risk
2020.0,South Africa,13.7,1.9,26.7,11.5,7.0,21.0,0,Medium-High Risk
2001.0,Japan,3.1,3.9,24.7,5.4,9.0,45.4,2,Medium-Low Risk
2019.0,India,5.1,4.5,27.7,5.9,13.0,43.6,2,Medium-Low Risk
2014.0,Mexico,15.8,3.9,33.6,31.4,4.0,54.3,0,Medium-High Risk
2006.0,Brazil,19.4,3.8,32.2,25.5,1.0,58.8,0,Medium-High Risk
2011.0,Brazil,5.6,4.0,26.7,28.3,2.0,17.7,2,Medium-Low Risk
2007.0,USA,5.8,2.9,27.5,5.3,14.0,11.1,2,Medium-Low Risk
2014.0,Russia,9.7,4.5,9.4,24.0,5.0,51.4,1,High Risk
2002.0,Germany,19.7,1.8,8.1,37.3,10.0,28.1,1,High Risk
2013.0,Mexico,5.7,1.5,22.1,24.9,10.0,47.6,3,Low Risk
2016.0,Indonesia,8.4,2.1,5.6,37.9,4.0,19.0,3,Low Risk
2003.0,Russia,17.9,3.1,19.5,15.5,10.0,38.1,0,Medium-High Risk
2017.0,South Africa,0.6,3.0,11.3,41.6,3.0,40.3,3,Low Risk
2007.0,Japan,1.3,4.3,15.4,31.5,3.0,45.1,3,Low Risk
2003.0,China,12.3,2.6,28.3,14.5,4.0,40.8,2,Medium-Low Risk
2001.0,Argentina,18.2,2.9,33.2,15.7,1.0,39.7,0,Medium-High Risk
2005.0,Mexico,5.2,1.1,7.2,33.3,8.0,30.0,3,Low Risk
2021.0,Argentina,9.7,2.6,21.0,42.3,1.0,14.3,3,Low Risk
2009.0,Brazil,9.3,3.6,31.5,23.7,9.0,15.4,0,Medium-High Risk
2003.0,China,9.7,1.1,7.5,16.6,1.0,36.0,1,High Risk
2021.0,China,12.6,2.1,29.7,44.0,9.0,31.3,0,Medium-High Risk
2017.0,China,9.7,1.8,15.7,35.1,13.0,41.0,3,Low Risk
2011.0,Brazil,9.2,1.2,14.7,25.2,8.0,28.3,1,High Risk
2001.0,South Africa,9.7,2.9,34.3,27.0,13.0,51.3,0,Medium-High Risk
2009.0,Argentina,12.0,1.7,11.0,14.2,2.0,61.8,1,High Risk
2003.0,France,11.0,4.0,25.8,33.2,14.0,27.9,0,Medium-High Risk
2013.0,Argentina,17.2,4.4,29.6,21.1,9.0,21.6,0,Medium-High Risk
2015.0,Australia,1.5,3.2,6.2,49.8,6.0,17.0,3,Low Risk
2014.0,Japan,16.7,4.9,25.1,26.6,3.0,47.0,0,Medium-High Risk
2007.0,Indonesia,17.0,2.8,33.5,26.9,12.0,36.6,0,Medium-High Risk
2013.0,France,6.1,3.1,8.7,30.5,12.0,21.3,3,Low Risk
2022.0,Japan,9.5,5.0,31.9,46.3,5.0,49.2,0,Medium-High Risk
2007.0,India,9.1,1.9,22.8,41.0,13.0,18.9,3,Low Risk
2020.0,Russia,4.8,4.8,23.5,25.3,3.0,43.3,2,Medium-Low Risk
2015.0,Russia,8.2,1.2,23.4,37.3,9.0,41.6,3,Low Risk
2012.0,Canada,1.4,2.8,14.0,31.4,14.0,54.1,3,Low Risk
2017.0,Russia,5.9,1.3,33.1,27.2,6.0,13.3,3,Low Risk
2014.0,Argentina,16.4,3.9,33.4,13.7,0.0,63.3,2,Medium-Low Risk
2020.0,Brazil,6.0,3.4,23.8,25.9,2.0,52.2,2,Medium-Low Risk
2023.0,Indonesia,16.5,3.8,28.5,16.1,12.0,23.0,0,Medium-High Risk
2012.0,Germany,10.9,2.5,23.4,46.2,2.0,21.0,3,Low Risk
2008.0,USA,17.7,2.5,19.5,20.1,0.0,35.9,1,High Risk
2014.0,Canada,11.7,1.2,24.8,47.9,5.0,59.1,3,Low Risk
2012.0,UK,1.1,2.4,21.6,29.0,14.0,60.6,3,Low Risk
2000.0,UK,13.7,4.7,22.9,33.4,12.0,41.2,0,Medium-High Risk
2006.0,USA,1.4,2.5,28.5,29.4,10.0,61.6,2,Medium-Low Risk
2008.0,Japan,9.3,4.3,19.4,10.8,13.0,10.3,0,Medium-High Risk
2023.0,USA,18.6,4.4,6.2,21.9,8.0,12.1,1,High Risk
2000.0,USA,3.7,2.5,9.9,9.5,7.0,64.7,2,Medium-Low Risk
2011.0,UK,8.1,3.5,18.2,33.0,10.0,56.5,3,Low Risk
2007.0,Canada,14.7,1.4,26.7,25.1,6.0,37.0,0,Medium-High Risk
2023.0,India,17.7,1.4,22.8,40.0,9.0,55.2,1,High Risk
2010.0,Argentina,13.6,1.2,24.5,14.9,7.0,67.3,1,High Risk
2018.0,China,5.5,3.3,19.4,12.4,5.0,56.3,2,Medium-Low Risk
2016.0,Russia,13.7,2.7,23.5,23.3,8.0,60.5,1,High Risk
2007.0,Russia,6.3,3.2,14.9,46.7,2.0,55.6,3,Low Risk
2002.0,Brazil,14.5,3.1,19.1,37.0,14.0,20.1,0,Medium-High Risk
2002.0,Canada,19.1,2.4,27.3,23.9,9.0,60.0,0,Medium-High Risk
2000.0,Brazil,14.6,3.7,31.2,28.3,9.0,21.7,0,Medium-High Risk
2004.0,Germany,17.3,4.0,18.0,8.8,8.0,63.6,1,High Risk
2009.0,Germany,0.5,1.1,6.3,49.3,3.0,37.5,3,Low Risk
2006.0,Brazil,14.5,1.8,9.9,35.0,6.0,50.6,1,High Risk
2008.0,Canada,16.7,3.9,5.6,17.8,14.0,39.8,1,High Risk
2006.0,Brazil,1.3,2.5,24.6,31.4,12.0,15.6,3,Low Risk
2008.0,Russia,17.5,3.6,15.0,9.9,8.0,27.4,1,High Risk
2007.0,France,5.5,2.4,21.3,48.5,1.0,69.0,3,Low Risk
2011.0,Australia,13.5,2.6,19.8,12.9,1.0,67.6,1,High Risk
2001.0,UK,16.1,1.6,7.4,34.2,8.0,29.2,1,High Risk
2000.0,UK,13.4,2.0,17.1,16.0,11.0,69.8,1,High Risk
2015.0,Indonesia,2.3,3.4,11.6,37.3,12.0,60.7,3,Low Risk
2022.0,USA,12.1,2.7,17.6,40.0,2.0,46.7,1,High Risk
2022.0,Australia,11.2,4.1,11.1,35.3,8.0,12.4,3,Low Risk
2023.0,Argentina,18.1,4.4,30.2,32.7,12.0,64.1,0,Medium-High Risk
2004.0,Canada,8.4,3.2,10.2,45.2,14.0,43.4,3,Low Risk
2002.0,South Africa,6.8,4.0,33.8,8.5,4.0,62.1,2,Medium-Low Risk
2011.0,Australia,15.1,2.2,17.5,19.9,5.0,60.1,1,High Risk
2007.0,Indonesia,8.5,2.7,30.4,16.2,1.0,60.0,2,Medium-Low Risk
2021.0,Germany,13.1,3.9,23.9,49.5,7.0,51.9,0,Medium-High Risk
2002.0,Japan,13.1,2.5,27.1,22.5,10.0,27.5,0,Medium-High Risk
2000.0,USA,17.8,3.4,28.0,38.0,8.0,30.2,0,Medium-High Risk
2002.0,Indonesia,12.2,1.7,20.1,35.8,1.0,28.5,1,High Risk
2004.0,China,10.3,3.4,21.3,14.5,5.0,11.2,2,Medium-Low Risk
2014.0,South Africa,3.2,4.4,20.4,15.8,5.0,45.0,2,Medium-Low Risk
2013.0,Canada,2.8,4.5,22.6,17.7,7.0,51.9,2,Medium-Low Risk
2002.0,USA,3.5,3.9,5.9,23.5,9.0,61.2,2,Medium-Low Risk
2000.0,Argentina,3.9,4.0,16.9,15.5,11.0,18.4,2,Medium-Low Risk
2004.0,Australia,12.9,3.2,23.2,5.9,4.0,42.7,2,Medium-Low Risk
2022.0,Germany,14.9,3.3,22.9,44.6,8.0,10.5,0,Medium-High Risk
2013.0,India,10.8,1.5,28.8,48.5,0.0,15.7,3,Low Risk
2006.0,France,16.7,2.8,24.7,20.4,8.0,13.3,0,Medium-High Risk
2008.0,China,19.8,2.8,34.8,20.2,9.0,53.5,0,Medium-High Risk
2014.0,South Africa,16.5,4.8,13.5,5.3,6.0,14.9,1,High Risk
2014.0,France,14.1,2.7,15.8,35.6,3.0,53.0,1,High Risk
2009.0,USA,10.9,3.2,16.5,42.1,2.0,25.0,3,Low Risk
2012.0,Germany,9.3,3.1,19.0,11.6,13.0,62.7,2,Medium-Low Risk
2018.0,Germany,2.1,3.5,30.1,12.2,9.0,58.8,2,Medium-Low Risk
2006.0,Indonesia,8.3,4.0,12.1,40.6,14.0,67.5,3,Low Risk
2016.0,UK,18.2,1.9,28.3,32.7,10.0,63.0,0,Medium-High Risk
2019.0,UK,16.3,3.1,17.2,7.0,13.0,66.0,1,High Risk
2003.0,Australia,4.7,4.3,23.1,33.0,5.0,61.5,2,Medium-Low Risk
2004.0,Indonesia,9.6,2.9,24.0,18.9,11.0,51.6,2,Medium-Low Risk
2022.0,Russia,16.4,2.1,16.2,21.6,12.0,20.2,1,High Risk
2006.0,Australia,1.8,3.6,20.4,39.6,0.0,26.3,3,Low Risk
2012.0,Russia,8.1,4.3,17.4,41.5,2.0,22.8,3,Low Risk
2014.0,UK,17.1,1.3,7.1,23.0,1.0,46.2,1,High Risk
2010.0,Indonesia,8.4,4.1,18.1,47.6,10.0,40.2,3,Low Risk
2003.0,Russia,2.0,4.3,7.9,23.3,12.0,62.0,2,Medium-Low Risk
2012.0,China,11.1,2.8,17.2,39.7,8.0,67.2,1,High Risk
2006.0,Indonesia,17.3,4.9,22.8,26.8,2.0,34.3,0,Medium-High Risk
2018.0,UK,12.0,4.1,22.4,45.4,12.0,40.4,0,Medium-High Risk
2021.0,Australia,4.9,4.1,24.9,45.8,1.0,68.3,3,Low Risk
2001.0,Mexico,8.0,4.0,7.9,8.9,3.0,26.6,2,Medium-Low Risk
2009.0,Indonesia,9.3,1.6,24.6,47.1,14.0,57.5,3,Low Risk
2012.0,India,11.8,1.9,14.4,42.1,13.0,23.5,3,Low Risk
2020.0,South Africa,15.3,2.9,17.0,40.6,1.0,50.9,1,High Risk
2005.0,UK,2.4,2.1,30.7,14.0,0.0,25.2,2,Medium-Low Risk
2011.0,Brazil,17.8,2.7,5.3,41.2,5.0,63.0,1,High Risk
2011.0,Brazil,0.7,4.6,22.7,43.3,14.0,43.7,3,Low Risk
2019.0,Australia,7.7,4.3,23.0,18.0,9.0,21.2,2,Medium-Low Risk
2010.0,Australia,1.0,3.5,16.9,47.9,7.0,23.5,3,Low Risk
2022.0,France,8.2,4.4,12.1,7.2,9.0,39.6,2,Medium-Low Risk
2006.0,South Africa,10.8,4.1,12.0,11.7,9.0,67.7,2,Medium-Low Risk
2000.0,South Africa,10.5,2.7,31.5,29.2,1.0,56.2,2,Medium-Low Risk
2000.0,China,3.7,1.8,18.3,30.9,13.0,39.3,3,Low Risk
2019.0,Australia,13.1,3.1,14.9,34.0,8.0,30.3,1,High Risk
2012.0,South Africa,1.4,3.9,18.5,5.8,14.0,43.0,2,Medium-Low Risk
2008.0,Argentina,15.4,2.7,25.1,48.2,12.0,54.9,0,Medium-High Risk
2002.0,France,19.0,3.7,9.4,7.0,2.0,57.0,1,High Risk
2006.0,Russia,7.1,1.4,18.5,11.4,7.0,29.5,2,Medium-Low Risk
2005.0,Germany,10.6,4.0,22.6,5.6,11.0,53.3,2,Medium-Low Risk
2007.0,Germany,7.9,4.3,33.5,30.5,7.0,49.5,0,Medium-High Risk
2008.0,Russia,0.6,3.8,12.6,47.0,14.0,67.5,3,Low Risk
2004.0,Canada,8.0,4.9,15.8,35.0,2.0,65.9,2,Medium-Low Risk
2000.0,UK,15.9,4.3,16.4,42.0,2.0,57.4,1,High Risk
2018.0,France,12.1,4.6,23.2,5.6,11.0,53.4,2,Medium-Low Risk
2009.0,Argentina,2.5,4.7,15.7,29.4,14.0,26.4,3,Low Risk
2011.0,South Africa,17.0,4.2,21.0,25.7,5.0,60.8,1,High Risk
2023.0,Mexico,10.9,3.7,28.5,27.5,0.0,35.7,2,Medium-Low Risk
2014.0,France,16.9,1.0,26.2,8.2,3.0,26.3,1,High Risk
2021.0,Indonesia,11.8,2.9,18.4,35.8,0.0,33.0,1,High Risk
2023.0,Russia,11.4,3.3,30.9,27.6,13.0,60.2,0,Medium-High Risk
2008.0,Argentina,2.6,2.2,21.7,39.4,2.0,18.9,3,Low Risk
2019.0,India,3.8,2.3,21.2,26.8,8.0,37.4,3,Low Risk
2016.0,Japan,19.5,4.8,6.0,11.7,13.0,39.5,1,High Risk
2016.0,USA,5.0,4.6,34.6,34.2,13.0,12.2,0,Medium-High Risk
2019.0,UK,19.6,4.4,8.7,12.8,4.0,21.7,1,High Risk
2011.0,Russia,10.9,2.6,11.9,44.3,11.0,59.6,3,Low Risk
2006.0,Mexico,3.1,1.1,6.6,32.6,4.0,59.8,3,Low Risk
2001.0,South Africa,2.4,1.3,24.2,12.1,10.0,27.5,2,Medium-Low Risk
2002.0,Mexico,4.6,2.2,11.7,48.3,3.0,62.5,3,Low Risk
2016.0,Mexico,18.5,1.1,10.4,28.3,2.0,56.3,1,High Risk
2004.0,Australia,8.6,1.1,7.7,8.3,4.0,35.1,1,High Risk
2016.0,Australia,8.2,4.7,8.1,33.2,14.0,54.9,3,Low Risk
2023.0,China,6.6,3.8,22.5,16.4,13.0,67.7,2,Medium-Low Risk
2016.0,Russia,3.4,2.2,25.6,41.2,10.0,37.5,3,Low Risk
2016.0,China,10.0,1.5,16.9,41.8,3.0,24.3,3,Low Risk
2001.0,Russia,3.0,3.0,19.4,49.1,7.0,66.5,3,Low Risk
2001.0,UK,16.8,1.0,25.6,27.6,3.0,46.2,1,High Risk
2021.0,France,7.7,4.8,5.5,25.5,10.0,16.3,3,Low Risk
2022.0,USA,7.8,2.7,14.7,38.9,11.0,44.4,3,Low Risk
2004.0,Mexico,9.7,2.6,34.2,11.0,7.0,40.0,2,Medium-Low Risk
2000.0,UK,9.2,2.6,22.4,29.6,5.0,61.3,2,Medium-Low Risk
2000.0,France,19.9,1.3,12.6,29.6,14.0,41.8,1,High Risk
2018.0,Japan,11.1,3.6,20.7,9.0,13.0,25.3,0,Medium-High Risk
2001.0,Germany,2.2,3.9,15.3,23.8,11.0,50.5,2,Medium-Low Risk
2020.0,Brazil,12.3,3.7,21.0,43.4,10.0,42.6,0,Medium-High Risk
2011.0,Indonesia,3.5,1.6,8.8,43.5,4.0,24.0,3,Low Risk
2005.0,Argentina,1.1,3.3,9.0,9.5,3.0,44.4,2,Medium-Low Risk
2022.0,Russia,19.4,3.3,9.3,9.1,3.0,59.3,1,High Risk
2003.0,Japan,15.6,4.5,33.2,16.8,11.0,11.7,0,Medium-High Risk
2022.0,Germany,19.6,2.5,27.0,44.4,3.0,47.9,0,Medium-High Risk
2010.0,South Africa,9.8,2.5,9.9,10.8,10.0,31.0,1,High Risk
2023.0,Canada,10.9,3.5,10.7,37.4,12.0,27.6,3,Low Risk
2016.0,USA,3.8,3.5,26.9,9.6,12.0,33.6,2,Medium-Low Risk
2005.0,Argentina,5.3,2.9,9.7,33.0,8.0,30.5,3,Low Risk
2023.0,China,16.9,2.8,12.0,21.0,3.0,59.9,1,High Risk
2004.0,China,7.4,3.0,33.9,40.5,11.0,26.5,0,Medium-High Risk
2019.0,France,16.6,4.4,12.7,15.5,8.0,54.0,1,High Risk
2001.0,Argentina,14.3,2.8,24.8,33.8,12.0,15.6,0,Medium-High Risk
2005.0,Australia,4.0,4.8,34.4,15.6,9.0,67.1,2,Medium-Low Risk
2021.0,Germany,10.4,3.0,16.2,37.1,5.0,47.3,3,Low Risk
2010.0,Canada,13.7,4.8,5.5,44.3,9.0,52.4,1,High Risk
2015.0,Japan,5.1,4.3,12.3,10.7,12.0,27.9,2,Medium-Low Risk
2015.0,USA,16.7,2.4,29.9,44.0,6.0,34.7,0,Medium-High Risk
2000.0,UK,11.1,4.5,30.9,31.7,11.0,23.4,0,Medium-High Risk
2008.0,Germany,3.7,1.4,28.1,10.7,9.0,66.0,2,Medium-Low Risk
2005.0,Canada,11.9,4.7,8.4,24.2,2.0,39.3,1,High Risk
2015.0,Brazil,20.0,3.5,28.9,12.2,7.0,47.8,0,Medium-High Risk
2002.0,Russia,3.4,1.2,32.6,36.5,2.0,54.1,3,Low Risk
2019.0,UK,16.4,3.6,23.0,39.1,0.0,32.3,0,Medium-High Risk
2003.0,China,4.5,4.9,33.2,9.8,12.0,53.2,2,Medium-Low Risk
2018.0,UK,15.8,1.3,29.8,27.8,12.0,50.6,0,Medium-High Risk
2002.0,Japan,14.8,3.2,25.0,41.7,9.0,52.3,0,Medium-High Risk
2018.0,China,6.4,4.0,22.3,47.1,11.0,39.4,3,Low Risk
2019.0,Japan,6.9,4.2,15.5,28.1,4.0,33.0,3,Low Risk
2006.0,France,16.0,2.7,9.8,47.8,1.0,23.3,1,High Risk
2019.0,Australia,9.5,1.8,23.1,29.1,9.0,59.5,1,High Risk
2008.0,Japan,14.8,1.2,14.5,22.7,13.0,46.5,1,High Risk
2000.0,China,3.4,3.3,31.0,43.2,5.0,36.7,3,Low Risk
2007.0,France,17.1,2.8,34.8,27.2,12.0,66.6,0,Medium-High Risk
2006.0,Japan,14.4,4.8,27.6,26.2,9.0,12.9,0,Medium-High Risk
2017.0,Brazil,18.2,1.2,7.7,27.1,8.0,61.0,1,High Risk
2007.0,UK,3.1,3.7,13.7,43.1,0.0,69.9,3,Low Risk
2000.0,Australia,12.1,1.1,8.3,42.4,13.0,63.2,1,High Risk
2010.0,Japan,12.2,1.7,24.5,23.2,12.0,58.6,0,Medium-High Risk
2017.0,France,7.4,2.8,28.0,20.0,3.0,32.5,2,Medium-Low Risk
2022.0,South Africa,9.4,2.8,32.8,27.1,14.0,23.9,0,Medium-High Risk
2009.0,Germany,1.2,3.7,18.1,30.8,0.0,54.1,2,Medium-Low Risk
2002.0,India,15.0,4.6,32.0,15.7,0.0,28.3,0,Medium-High Risk
2006.0,Canada,11.2,3.6,31.3,40.7,7.0,20.6,0,Medium-High Risk
2015.0,India,1.6,4.8,14.5,26.9,13.0,57.2,2,Medium-Low Risk
2015.0,South Africa,13.8,4.5,31.1,20.0,13.0,28.8,0,Medium-High Risk
2019.0,India,9.6,3.3,16.3,9.8,12.0,64.9,2,Medium-Low Risk
2016.0,South Africa,1.2,4.3,13.9,15.7,13.0,60.4,2,Medium-Low Risk
2001.0,USA,19.4,3.6,24.5,47.7,10.0,60.9,0,Medium-High Risk
2000.0,South Africa,19.0,1.3,14.9,18.7,14.0,56.3,1,High Risk
2015.0,South Africa,10.5,4.0,23.9,12.6,1.0,62.9,2,Medium-Low Risk
2011.0,Mexico,2.3,1.4,23.3,25.7,0.0,58.3,2,Medium-Low Risk
2004.0,South Africa,15.2,3.4,21.9,18.8,10.0,46.2,0,Medium-High Risk
2004.0,Brazil,10.1,3.8,16.4,6.6,7.0,27.7,2,Medium-Low Risk
2022.0,Germany,6.4,1.3,21.5,19.5,3.0,63.3,2,Medium-Low Risk
2008.0,Russia,10.1,1.9,22.9,29.5,2.0,60.4,1,High Risk
2008.0,Japan,10.7,4.7,21.4,29.8,12.0,38.4,0,Medium-High Risk
2002.0,Canada,11.5,3.5,18.3,21.0,11.0,12.3,0,Medium-High Risk
2018.0,Australia,9.1,2.0,5.4,25.1,3.0,48.3,1,High Risk
2015.0,Germany,12.3,3.8,22.6,48.4,13.0,13.0,0,Medium-High Risk
2015.0,China,18.4,3.4,10.1,22.0,10.0,65.6,1,High Risk
2002.0,Russia,7.6,3.0,24.3,16.6,4.0,67.7,2,Medium-Low Risk
2019.0,USA,14.7,4.9,27.8,16.0,0.0,21.4,0,Medium-High Risk
2023.0,USA,17.9,3.7,20.0,25.6,14.0,50.6,0,Medium-High Risk
2021.0,Indonesia,9.4,2.5,21.3,39.2,13.0,15.5,3,Low Risk
2023.0,UK,9.1,4.2,33.5,14.3,10.0,53.8,2,Medium-Low Risk
2000.0,South Africa,12.2,4.5,30.4,36.9,0.0,30.8,0,Medium-High Risk
2023.0,Germany,12.0,1.5,32.4,6.0,2.0,50.9,2,Medium-Low Risk
2019.0,France,16.2,1.8,29.4,23.9,5.0,32.4,0,Medium-High Risk
2010.0,Mexico,9.8,1.9,8.3,39.9,0.0,18.7,3,Low Risk
2016.0,India,19.9,3.8,9.5,20.2,13.0,34.4,1,High Risk
2007.0,China,1.7,3.4,20.8,30.4,10.0,16.8,3,Low Risk
2003.0,USA,0.6,3.5,12.4,14.2,11.0,44.6,2,Medium-Low Risk
2005.0,Canada,13.0,4.8,19.3,38.4,14.0,12.5,0,Medium-High Risk
2007.0,USA,6.3,4.1,16.8,7.4,1.0,41.6,2,Medium-Low Risk
2019.0,Australia,5.2,1.5,21.5,43.4,14.0,63.2,3,Low Risk
2002.0,Japan,6.6,2.4,27.4,13.9,11.0,60.3,2,Medium-Low Risk
2015.0,USA,5.5,2.7,26.5,44.3,13.0,63.0,3,Low Risk
2002.0,Australia,1.1,2.6,20.6,20.9,6.0,65.3,2,Medium-Low Risk
2017.0,Germany,19.4,3.7,29.7,37.5,13.0,16.3,0,Medium-High Risk
2013.0,Germany,4.8,4.6,17.9,19.4,13.0,17.7,2,Medium-Low Risk
2017.0,Mexico,14.8,2.2,31.9,45.8,0.0,43.4,0,Medium-High Risk
2001.0,UK,15.4,3.2,7.1,10.7,12.0,63.6,1,High Risk
2021.0,Indonesia,18.6,4.2,33.6,13.0,13.0,68.5,0,Medium-High Risk
2002.0,Russia,1.1,2.7,24.6,27.2,14.0,12.8,3,Low Risk
2015.0,USA,17.5,1.7,16.4,8.7,6.0,31.3,1,High Risk
2008.0,Canada,10.8,2.9,10.9,13.8,14.0,22.8,1,High Risk
2003.0,USA,12.8,1.2,19.4,47.5,3.0,55.4,1,High Risk
2000.0,Indonesia,13.1,4.8,10.8,48.9,9.0,48.4,3,Low Risk
2003.0,Argentina,16.5,1.3,10.0,21.9,13.0,17.2,1,High Risk
2000.0,Canada,7.0,2.8,23.5,46.5,5.0,39.0,3,Low Risk
2013.0,Brazil,14.8,3.1,20.7,29.5,13.0,51.1,0,Medium-High Risk
2020.0,South Africa,10.8,4.9,25.1,17.1,7.0,56.7,2,Medium-Low Risk
2015.0,Russia,16.0,1.7,32.9,36.6,8.0,11.2,0,Medium-High Risk
2019.0,Brazil,19.8,1.5,21.0,34.7,5.0,63.4,1,High Risk
2023.0,Argentina,4.4,1.0,22.4,49.5,11.0,44.2,3,Low Risk
2007.0,Argentina,19.9,1.6,7.7,16.9,10.0,58.7,1,High Risk
2006.0,Indonesia,2.3,1.8,26.5,35.2,12.0,58.5,3,Low Risk
2002.0,USA,0.5,3.5,17.0,7.3,14.0,21.4,2,Medium-Low Risk
2016.0,Indonesia,1.4,1.9,34.3,10.1,13.0,16.6,2,Medium-Low Risk
2000.0,Indonesia,7.2,1.1,29.7,5.2,8.0,53.3,2,Medium-Low Risk
2015.0,Argentina,12.8,4.3,20.7,50.0,3.0,19.4,3,Low Risk
2011.0,Russia,1.8,2.5,8.7,41.1,5.0,61.0,3,Low Risk
2018.0,Brazil,0.6,2.4,30.8,40.4,7.0,53.6,3,Low Risk
2021.0,India,18.8,2.2,29.0,27.9,8.0,60.5,0,Medium-High Risk
2022.0,USA,16.5,4.9,10.5,18.5,2.0,27.9,1,High Risk
2021.0,Argentina,16.3,1.7,13.9,11.8,1.0,29.0,1,High Risk
2013.0,Brazil,17.7,4.6,28.8,17.8,5.0,50.3,0,Medium-High Risk
2005.0,UK,14.2,4.1,10.6,21.9,3.0,11.9,1,High Risk
2005.0,India,2.5,1.3,32.5,39.0,0.0,53.6,3,Low Risk
2012.0,India,8.3,4.9,17.7,29.3,7.0,60.1,2,Medium-Low Risk
2018.0,Germany,14.6,2.1,7.6,8.5,8.0,34.9,1,High Risk
2021.0,Mexico,6.0,1.4,29.5,5.8,13.0,55.9,2,Medium-Low Risk
2007.0,USA,13.9,4.3,16.2,9.6,8.0,20.5,0,Medium-High Risk
2001.0,India,1.0,3.8,20.8,23.5,1.0,29.3,2,Medium-Low Risk
2020.0,Argentina,6.5,3.5,8.4,47.0,8.0,68.5,3,Low Risk
2000.0,Germany,11.2,1.6,5.1,33.7,6.0,69.2,1,High Risk
2014.0,Brazil,12.8,2.9,24.1,41.1,4.0,40.8,0,Medium-High Risk
2000.0,UK,11.8,4.1,20.5,26.0,6.0,66.1,2,Medium-Low Risk
2004.0,Australia,14.1,2.2,22.8,21.3,12.0,41.4,0,Medium-High Risk
2015.0,USA,0.6,2.2,28.8,9.9,8.0,27.5,2,Medium-Low Risk
2018.0,Russia,2.5,1.0,24.4,44.4,7.0,26.0,3,Low Risk
2003.0,Indonesia,17.4,1.7,10.2,40.2,5.0,65.8,1,High Risk
2002.0,Canada,13.8,4.5,15.8,12.6,12.0,20.3,0,Medium-High Risk
2016.0,Canada,2.7,2.8,32.2,28.1,3.0,44.8,2,Medium-Low Risk
2016.0,Brazil,16.9,4.9,28.1,26.9,12.0,43.3,0,Medium-High Risk
2011.0,France,5.2,2.6,21.7,33.1,14.0,54.4,3,Low Risk
2013.0,France,9.8,3.9,12.7,47.6,0.0,40.0,3,Low Risk
2020.0,Brazil,3.3,2.1,14.1,31.1,5.0,26.3,3,Low Risk
2005.0,Argentina,14.3,2.5,27.0,29.3,2.0,20.2,0,Medium-High Risk
2002.0,India,13.5,1.8,30.5,7.3,5.0,47.2,2,Medium-Low Risk
2008.0,Mexico,4.6,2.4,25.1,7.8,5.0,53.1,2,Medium-Low Risk
2004.0,USA,17.3,3.2,29.3,13.4,13.0,44.2,0,Medium-High Risk
2023.0,Canada,8.3,5.0,28.0,6.5,3.0,54.3,2,Medium-Low Risk
2016.0,Canada,6.2,3.7,9.5,38.5,1.0,18.5,3,Low Risk
2013.0,Mexico,3.5,1.8,17.7,37.5,14.0,62.9,3,Low Risk
2020.0,India,5.7,1.2,9.6,11.1,8.0,44.9,1,High Risk
2002.0,Canada,0.9,1.5,12.1,42.6,1.0,17.6,3,Low Risk
2000.0,Indonesia,11.9,3.3,31.1,12.0,2.0,37.7,2,Medium-Low Risk
2019.0,Russia,16.9,4.1,19.2,18.6,9.0,60.7,1,High Risk
2020.0,USA,11.2,4.8,21.1,16.2,0.0,63.9,2,Medium-Low Risk
2022.0,Japan,4.8,1.1,10.4,21.8,6.0,25.9,3,Low Risk
2000.0,Canada,1.2,3.1,14.4,16.5,14.0,52.7,2,Medium-Low Risk
2002.0,Brazil,4.7,2.9,11.9,27.0,0.0,16.0,3,Low Risk
2017.0,Russia,8.6,3.6,11.2,23.3,10.0,12.0,3,Low Risk
2009.0,Canada,15.3,3.2,24.1,49.4,8.0,43.6,0,Medium-High Risk
2021.0,South Africa,4.2,3.7,12.7,7.5,10.0,51.7,2,Medium-Low Risk
2002.0,UK,14.5,3.6,24.0,11.4,10.0,57.7,2,Medium-Low Risk
2007.0,Indonesia,17.4,1.5,6.8,7.4,0.0,30.4,1,High Risk
2013.0,Russia,9.4,4.2,9.3,33.2,4.0,10.4,3,Low Risk
2023.0,Germany,16.5,1.5,13.2,7.5,6.0,38.8,1,High Risk
2017.0,Japan,11.3,3.8,22.9,42.6,2.0,11.0,3,Low Risk
2014.0,UK,12.9,2.7,25.3,28.0,8.0,15.5,0,Medium-High Risk
2021.0,China,10.8,3.1,18.3,28.7,7.0,29.6,3,Low Risk
2022.0,Brazil,9.5,4.6,18.4,30.3,12.0,36.2,0,Medium-High Risk
2001.0,Brazil,5.1,4.6,26.7,12.7,14.0,26.8,2,Medium-Low Risk
2009.0,USA,6.4,4.3,5.5,13.9,2.0,44.9,2,Medium-Low Risk
2001.0,Mexico,6.2,3.0,15.2,19.3,14.0,13.3,3,Low Risk
2016.0,UK,11.5,3.9,29.6,31.7,4.0,18.7,0,Medium-High Risk
2007.0,Russia,2.8,3.1,23.1,14.5,6.0,51.7,2,Medium-Low Risk
2000.0,India,18.4,4.5,15.1,10.2,11.0,18.5,0,Medium-High Risk
2008.0,Brazil,14.6,2.6,32.2,48.7,13.0,48.4,0,Medium-High Risk
2010.0,Russia,8.3,4.9,28.2,6.0,3.0,13.3,2,Medium-Low Risk
2021.0,Argentina,3.6,4.7,12.9,41.1,4.0,34.4,3,Low Risk
2015.0,Russia,17.7,4.0,24.4,40.5,2.0,20.6,0,Medium-High Risk
2006.0,Argentina,16.6,2.1,22.9,18.4,8.0,16.6,0,Medium-High Risk
2009.0,South Africa,14.6,1.5,17.0,11.1,9.0,44.0,1,High Risk
2022.0,Australia,5.8,4.4,16.0,11.6,8.0,65.7,2,Medium-Low Risk
2002.0,Australia,8.3,1.7,15.3,36.4,6.0,13.3,3,Low Risk
2017.0,China,2.5,4.4,23.5,33.9,9.0,35.3,3,Low Risk
2023.0,Germany,4.2,3.0,18.3,40.2,1.0,52.5,3,Low Risk
2012.0,China,15.8,2.6,30.0,47.2,6.0,37.8,0,Medium-High Risk
2006.0,Argentina,14.4,4.6,25.1,36.1,6.0,58.4,0,Medium-High Risk
2003.0,UK,12.1,3.4,7.1,12.0,10.0,20.8,1,High Risk
2012.0,Canada,18.0,3.3,24.2,16.0,4.0,67.6,1,High Risk
2019.0,India,11.9,3.2,13.1,42.9,8.0,33.1,3,Low Risk
2000.0,Canada,9.6,2.5,22.8,14.4,12.0,30.5,2,Medium-Low Risk
2007.0,France,7.1,4.1,25.4,8.3,11.0,62.5,2,Medium-Low Risk
2013.0,Canada,18.8,2.0,11.9,36.6,10.0,43.8,1,High Risk
2015.0,USA,2.1,4.8,18.7,23.1,2.0,41.0,2,Medium-Low Risk
2013.0,Canada,18.7,4.6,10.7,46.4,3.0,53.6,1,High Risk
2011.0,China,16.6,2.3,6.6,34.3,0.0,44.8,1,High Risk
2018.0,Brazil,3.0,3.9,16.4,9.1,5.0,19.8,2,Medium-Low Risk
2022.0,Indonesia,11.5,3.3,15.9,47.7,3.0,50.5,3,Low Risk
2014.0,Brazil,17.4,2.4,34.9,16.6,0.0,18.0,0,Medium-High Risk
2001.0,Australia,11.7,5.0,18.4,20.2,1.0,58.4,2,Medium-Low Risk
2001.0,Indonesia,18.2,1.1,15.0,23.1,14.0,69.4,1,High Risk
2022.0,Mexico,18.9,2.0,22.4,7.3,2.0,32.6,1,High Risk
2021.0,India,8.7,3.1,7.7,27.3,8.0,36.7,1,High Risk
2018.0,India,7.9,3.1,33.8,10.5,12.0,12.8,0,Medium-High Risk
2021.0,USA,18.8,3.4,24.0,23.0,7.0,10.8,0,Medium-High Risk
2021.0,UK,13.7,4.0,27.6,20.8,6.0,65.3,2,Medium-Low Risk
2016.0,China,2.8,3.5,10.1,39.8,12.0,17.7,3,Low Risk
2019.0,Australia,1.3,3.4,17.3,41.1,14.0,36.7,3,Low Risk
2009.0,South Africa,11.5,1.2,17.7,11.9,10.0,58.9,1,High Risk
2005.0,France,18.6,2.5,29.7,21.5,11.0,63.4,0,Medium-High Risk
2014.0,UK,17.0,1.9,5.0,21.8,13.0,41.2,1,High Risk
2021.0,India,13.7,2.1,14.0,11.8,3.0,43.9,1,High Risk
2010.0,Brazil,3.2,3.2,34.4,40.9,0.0,50.2,2,Medium-Low Risk
2004.0,Canada,5.5,1.8,19.2,36.8,7.0,67.7,3,Low Risk
2000.0,Canada,17.6,2.2,16.5,13.6,3.0,46.2,1,High Risk
2007.0,Mexico,4.1,1.9,8.6,21.5,2.0,43.6,1,High Risk
2020.0,Australia,5.9,4.8,34.2,9.8,8.0,10.9,2,Medium-Low Risk
2011.0,China,3.0,4.8,5.6,33.3,9.0,14.9,3,Low Risk
2011.0,China,13.7,3.4,27.1,10.5,3.0,44.6,2,Medium-Low Risk
2004.0,Germany,18.9,4.7,28.1,49.4,3.0,66.2,0,Medium-High Risk
2006.0,Argentina,5.7,4.1,12.3,40.1,13.0,62.0,3,Low Risk
2003.0,Japan,9.8,3.4,25.1,22.6,8.0,69.0,2,Medium-Low Risk
2005.0,India,12.9,1.0,7.8,31.0,12.0,41.7,1,High Risk
2012.0,China,20.0,4.1,12.7,46.0,11.0,57.3,1,High Risk
2019.0,Mexico,2.5,3.8,28.6,29.9,10.0,60.4,2,Medium-Low Risk
2014.0,Brazil,10.2,3.5,30.9,12.9,11.0,48.9,2,Medium-Low Risk
2002.0,Australia,8.0,4.0,23.3,22.0,13.0,30.3,0,Medium-High Risk
2022.0,France,17.4,3.1,20.2,42.9,1.0,38.2,1,High Risk
2007.0,Germany,9.8,3.8,9.8,34.0,13.0,61.5,1,High Risk
2019.0,Mexico,2.7,4.7,6.9,34.3,11.0,27.9,3,Low Risk
2015.0,Russia,12.9,2.5,8.5,44.0,4.0,65.4,1,High Risk
2012.0,USA,15.5,3.8,11.8,45.2,14.0,23.8,0,Medium-High Risk
2017.0,France,0.6,2.9,15.3,46.4,3.0,55.0,3,Low Risk
2009.0,Argentina,17.2,3.7,16.4,9.3,8.0,47.8,1,High Risk
2018.0,Russia,4.1,4.1,15.4,29.5,11.0,55.0,3,Low Risk
2016.0,South Africa,11.3,1.2,12.2,38.3,4.0,36.2,1,High Risk
2023.0,Argentina,8.6,3.6,20.3,39.1,8.0,66.0,3,Low Risk
2018.0,Canada,14.5,1.9,29.8,32.3,10.0,47.9,0,Medium-High Risk
2022.0,USA,7.7,3.7,13.4,12.5,8.0,27.3,2,Medium-Low Risk
2004.0,India,17.5,2.9,33.3,40.9,13.0,48.3,0,Medium-High Risk
2020.0,Brazil,14.7,4.1,31.2,37.4,1.0,27.2,0,Medium-High Risk
2022.0,USA,13.1,1.5,9.9,8.9,13.0,27.6,1,High Risk
2008.0,Argentina,16.0,3.5,28.6,25.9,14.0,34.0,0,Medium-High Risk
2011.0,Japan,15.2,2.1,22.2,12.8,8.0,61.1,1,High Risk
2020.0,Russia,1.2,4.4,22.0,20.2,2.0,40.0,2,Medium-Low Risk
2000.0,India,8.2,4.7,16.7,5.8,3.0,50.7,2,Medium-Low Risk
2000.0,Indonesia,18.7,5.0,20.0,23.0,0.0,33.5,0,Medium-High Risk
2014.0,Japan,3.0,4.2,16.9,29.7,13.0,25.8,3,Low Risk
2001.0,Canada,14.9,4.0,21.2,32.9,0.0,67.3,1,High Risk
2021.0,Japan,19.5,1.9,23.8,34.9,0.0,46.2,1,High Risk
2015.0,Germany,1.5,2.3,25.2,42.6,8.0,66.0,3,Low Risk
2007.0,Germany,13.8,2.9,21.0,14.7,10.0,22.2,0,Medium-High Risk
2012.0,South Africa,9.6,4.1,26.6,10.4,7.0,18.8,2,Medium-Low Risk
2020.0,Argentina,11.8,4.7,9.2,43.3,4.0,61.3,1,High Risk
2000.0,Australia,2.2,1.8,11.4,12.0,4.0,50.9,2,Medium-Low Risk
2015.0,France,1.3,4.7,29.6,48.9,8.0,21.2,3,Low Risk
2006.0,France,13.5,3.8,14.7,42.9,2.0,26.2,3,Low Risk
2004.0,Indonesia,16.6,3.4,5.7,27.5,2.0,58.0,1,High Risk
2021.0,Indonesia,15.7,1.8,9.6,49.2,6.0,37.2,1,High Risk
2022.0,India,11.1,1.2,11.7,9.4,8.0,50.2,1,High Risk
2002.0,Canada,2.4,3.3,33.7,18.6,5.0,29.1,2,Medium-Low Risk
2011.0,China,13.9,3.6,22.2,33.7,13.0,32.9,0,Medium-High Risk
2015.0,South Africa,5.2,1.8,33.0,20.8,1.0,69.4,2,Medium-Low Risk
2018.0,Germany,18.3,3.2,22.3,46.8,0.0,24.9,0,Medium-High Risk
2004.0,India,16.8,4.4,19.4,8.0,1.0,40.4,2,Medium-Low Risk
2021.0,China,14.3,4.3,14.4,29.7,13.0,60.7,1,High Risk
2013.0,France,19.0,4.7,23.2,31.6,13.0,24.4,0,Medium-High Risk
2004.0,Australia,1.1,2.5,9.2,34.4,0.0,34.9,3,Low Risk
2014.0,Japan,14.9,2.3,31.9,16.5,9.0,46.9,0,Medium-High Risk
2016.0,Germany,6.9,4.0,29.9,21.4,9.0,38.9,2,Medium-Low Risk
2013.0,India,18.2,2.7,14.5,43.0,8.0,37.6,1,High Risk
2019.0,USA,5.7,1.4,33.6,13.8,14.0,31.8,2,Medium-Low Risk
2004.0,China,14.6,2.1,29.8,42.2,9.0,45.2,0,Medium-High Risk
2011.0,Japan,17.6,2.7,25.0,30.3,14.0,47.5,0,Medium-High Risk
2015.0,Germany,1.3,2.2,8.7,39.3,11.0,49.2,3,Low Risk
2015.0,France,8.3,2.3,19.3,37.1,13.0,14.2,3,Low Risk
2020.0,Mexico,15.4,2.2,20.2,14.3,12.0,47.9,1,High Risk
2006.0,Canada,9.4,1.2,12.0,30.6,7.0,67.2,1,High Risk
2003.0,China,5.7,3.5,7.4,44.0,14.0,42.5,3,Low Risk
2000.0,France,4.8,3.4,28.3,24.4,6.0,52.9,2,Medium-Low Risk
2004.0,Germany,3.1,3.6,8.7,48.5,14.0,43.4,3,Low Risk
2022.0,China,17.2,1.8,22.8,25.3,2.0,61.3,1,High Risk
2009.0,South Africa,11.7,2.2,33.1,11.4,7.0,65.8,2,Medium-Low Risk
2021.0,Japan,2.0,3.5,31.3,22.5,1.0,21.1,2,Medium-Low Risk
2004.0,UK,8.0,3.4,13.3,47.8,1.0,36.2,3,Low Risk
2003.0,Germany,7.7,3.0,30.5,19.4,10.0,33.5,2,Medium-Low Risk
2001.0,South Africa,4.0,2.4,5.0,44.1,9.0,34.3,3,Low Risk
2019.0,Russia,9.0,4.7,5.5,44.7,2.0,17.5,3,Low Risk
2009.0,India,7.0,2.4,23.1,20.8,6.0,58.8,2,Medium-Low Risk
2018.0,Mexico,7.2,2.8,15.9,8.7,0.0,12.1,2,Medium-Low Risk
2000.0,Indonesia,14.9,3.7,16.6,37.6,7.0,41.7,1,High Risk
2023.0,Japan,4.9,3.2,21.9,19.0,11.0,49.7,2,Medium-Low Risk
2004.0,China,13.0,2.4,10.8,40.2,6.0,22.4,3,Low Risk
2012.0,Canada,11.6,2.7,11.4,24.9,3.0,64.4,1,High Risk
2003.0,France,11.6,4.2,19.5,26.8,13.0,60.3,0,Medium-High Risk
2015.0,Indonesia,13.4,2.1,27.6,40.0,14.0,38.3,0,Medium-High Risk
2023.0,USA,11.2,1.6,23.6,22.2,4.0,34.7,1,High Risk
2015.0,France,17.6,2.3,13.9,24.9,9.0,24.2,1,High Risk
2022.0,China,13.7,4.4,17.9,21.9,12.0,53.8,0,Medium-High Risk
2001.0,Mexico,11.2,1.4,10.1,21.5,0.0,17.9,1,High Risk
2016.0,Argentina,16.7,5.0,7.2,28.7,3.0,50.8,1,High Risk
2019.0,France,12.3,3.2,28.5,41.4,14.0,60.5,0,Medium-High Risk
2023.0,Argentina,6.2,4.9,13.0,21.3,0.0,23.7,2,Medium-Low Risk
2011.0,India,4.5,4.8,10.3,28.6,0.0,62.0,2,Medium-Low Risk
2017.0,Mexico,3.5,2.8,25.7,35.2,9.0,12.0,3,Low Risk
2002.0,Germany,18.0,1.8,23.5,17.1,0.0,64.8,1,High Risk
2000.0,South Africa,14.3,1.7,24.0,17.5,6.0,17.1,0,Medium-High Risk
2000.0,USA,18.8,2.0,11.9,47.0,6.0,48.7,1,High Risk
2018.0,Brazil,12.3,3.8,12.0,37.6,3.0,25.0,3,Low Risk
2010.0,China,9.7,2.1,11.6,31.0,14.0,60.2,1,High Risk
2004.0,Australia,1.7,2.4,10.2,34.1,12.0,40.7,3,Low Risk
2011.0,Brazil,13.6,2.8,24.7,6.3,11.0,18.1,0,Medium-High Risk
2002.0,France,11.9,4.7,30.4,32.8,1.0,44.3,0,Medium-High Risk
2000.0,Indonesia,19.8,1.8,26.7,27.9,11.0,34.5,0,Medium-High Risk
2000.0,China,5.2,1.0,28.8,29.6,2.0,49.7,2,Medium-Low Risk
2007.0,South Africa,10.8,1.2,17.1,21.2,7.0,62.9,1,High Risk
2009.0,Russia,13.2,4.6,24.6,8.7,12.0,34.6,0,Medium-High Risk
2010.0,South Africa,13.1,3.6,15.6,13.7,7.0,27.4,1,High Risk
2011.0,Australia,11.4,2.1,20.8,47.8,10.0,10.9,3,Low Risk
2012.0,USA,15.7,1.7,19.4,23.4,10.0,44.5,1,High Risk
2011.0,South Africa,4.5,2.2,10.3,26.0,5.0,34.1,3,Low Risk
2013.0,Canada,14.6,1.5,16.6,7.4,14.0,32.5,1,High Risk
2001.0,Russia,12.6,4.8,33.9,6.7,9.0,21.0,0,Medium-High Risk
2018.0,Brazil,18.0,4.1,12.5,37.3,8.0,35.8,1,High Risk
2017.0,Germany,17.0,2.8,9.0,29.2,10.0,69.1,1,High Risk
2002.0,India,6.6,4.5,17.6,27.9,11.0,27.9,3,Low Risk
2022.0,Canada,5.9,2.0,28.7,15.9,8.0,46.0,2,Medium-Low Risk
2016.0,UK,19.6,3.9,22.5,38.5,3.0,56.6,0,Medium-High Risk
2007.0,Russia,10.8,4.4,25.4,12.6,11.0,54.9,2,Medium-Low Risk
2009.0,Germany,18.2,2.4,10.7,13.5,0.0,29.7,1,High Risk
2001.0,Germany,3.7,4.0,23.6,25.7,0.0,46.7,2,Medium-Low Risk
2018.0,China,13.0,2.2,14.7,17.9,14.0,62.3,1,High Risk
2008.0,Russia,16.3,2.2,30.0,16.1,11.0,10.9,0,Medium-High Risk
2006.0,USA,19.0,1.4,23.9,34.0,9.0,36.1,0,Medium-High Risk
2003.0,France,7.1,2.8,11.0,34.3,14.0,23.5,3,Low Risk
2020.0,Australia,14.6,3.9,6.9,42.1,4.0,33.3,1,High Risk
2017.0,UK,11.0,4.8,6.3,23.8,13.0,35.0,1,High Risk
2012.0,Australia,1.7,3.4,16.1,8.3,12.0,54.8,2,Medium-Low Risk
2010.0,Brazil,14.0,4.5,13.0,17.3,1.0,15.6,1,High Risk
2023.0,Brazil,14.0,4.3,24.4,49.1,14.0,40.8,0,Medium-High Risk
2003.0,Australia,18.6,1.7,20.0,31.8,5.0,43.9,1,High Risk
2020.0,South Africa,10.2,2.9,13.0,36.9,6.0,39.6,3,Low Risk
2003.0,USA,5.0,1.5,9.5,5.3,0.0,53.9,2,Medium-Low Risk
2009.0,Argentina,1.4,3.7,8.8,28.3,5.0,33.0,3,Low Risk
2004.0,South Africa,8.6,4.8,30.9,6.7,7.0,66.7,2,Medium-Low Risk
2008.0,Indonesia,6.4,1.5,12.3,30.6,11.0,38.9,3,Low Risk
2023.0,South Africa,15.3,3.9,24.6,46.4,4.0,44.3,0,Medium-High Risk
2002.0,India,7.4,3.5,29.3,48.6,13.0,59.5,0,Medium-High Risk
2016.0,Japan,19.0,3.3,23.4,29.3,11.0,26.5,0,Medium-High Risk
2002.0,France,19.3,2.6,30.8,25.6,6.0,14.5,0,Medium-High Risk
2015.0,India,12.6,2.4,16.8,47.5,9.0,52.5,3,Low Risk
2003.0,China,18.6,1.2,33.7,35.3,5.0,39.0,0,Medium-High Risk
2017.0,Japan,15.3,1.9,9.0,7.9,3.0,63.8,1,High Risk
2016.0,Japan,11.2,1.1,8.1,26.0,14.0,69.0,1,High Risk
2006.0,Russia,4.0,3.3,24.8,15.8,14.0,33.9,2,Medium-Low Risk
2023.0,USA,9.4,1.4,33.3,26.1,6.0,34.9,0,Medium-High Risk
2022.0,USA,11.4,4.5,29.3,25.5,9.0,34.5,0,Medium-High Risk
2004.0,Japan,17.3,3.1,7.3,31.2,8.0,29.5,1,High Risk
2011.0,Indonesia,9.9,3.8,13.4,21.1,9.0,56.9,1,High Risk
2016.0,South Africa,18.0,2.6,32.9,12.4,9.0,55.5,0,Medium-High Risk
2022.0,Russia,13.6,3.2,12.6,27.7,12.0,38.7,1,High Risk
2012.0,France,3.2,4.8,28.4,42.4,6.0,12.7,3,Low Risk
2022.0,Japan,19.9,1.3,29.8,34.9,11.0,28.6,0,Medium-High Risk
2002.0,Canada,10.8,2.0,19.9,20.2,13.0,27.5,0,Medium-High Risk
2008.0,Brazil,8.1,4.1,16.6,47.1,4.0,58.7,3,Low Risk
2016.0,Brazil,13.4,1.4,18.5,46.0,6.0,15.3,3,Low Risk
2016.0,India,2.6,1.3,11.8,14.4,2.0,58.3,2,Medium-Low Risk
2019.0,China,12.9,2.4,31.7,6.8,1.0,50.2,2,Medium-Low Risk
2015.0,Mexico,10.2,1.4,18.5,38.4,10.0,53.9,3,Low Risk
2021.0,Mexico,8.4,3.3,31.5,42.2,14.0,35.9,0,Medium-High Risk
2012.0,Brazil,19.1,1.9,8.2,48.6,4.0,50.8,1,High Risk
2018.0,Argentina,10.7,4.6,34.6,45.0,3.0,46.5,0,Medium-High Risk
2016.0,Germany,4.8,4.1,18.3,32.0,4.0,56.1,2,Medium-Low Risk
2003.0,India,9.4,3.8,6.4,28.9,7.0,36.8,1,High Risk
2011.0,Mexico,18.4,3.5,6.1,6.3,11.0,38.4,1,High Risk
2008.0,Brazil,3.9,4.5,27.4,16.1,3.0,48.6,2,Medium-Low Risk
2018.0,China,4.7,1.9,24.8,25.7,14.0,16.5,3,Low Risk
2011.0,Mexico,0.8,4.5,29.1,33.3,8.0,36.2,2,Medium-Low Risk
2008.0,South Africa,0.8,4.2,8.2,30.1,6.0,68.3,2,Medium-Low Risk
2006.0,South Africa,16.7,4.0,6.1,38.4,9.0,12.3,1,High Risk
2013.0,USA,14.8,3.2,20.3,17.6,12.0,29.0,0,Medium-High Risk
2019.0,Indonesia,7.4,2.0,16.6,30.4,11.0,28.8,3,Low Risk
2018.0,USA,14.1,2.7,18.9,9.0,6.0,48.0,1,High Risk
2014.0,France,8.2,4.2,34.7,23.6,14.0,16.3,0,Medium-High Risk
2015.0,Japan,19.1,1.1,34.1,38.8,12.0,47.7,0,Medium-High Risk
2020.0,Canada,19.4,4.1,33.3,36.2,12.0,15.7,0,Medium-High Risk
2004.0,USA,8.2,2.0,28.5,49.6,7.0,15.7,3,Low Risk
2002.0,UK,17.2,1.6,15.6,17.5,11.0,53.7,1,High Risk
2011.0,Mexico,15.6,1.5,17.4,27.4,5.0,29.4,1,High Risk
2019.0,Argentina,6.5,1.1,21.5,19.8,7.0,68.6,2,Medium-Low Risk
2020.0,Russia,5.0,3.1,29.9,24.8,2.0,12.2,2,Medium-Low Risk
2003.0,Brazil,9.4,1.9,7.1,43.6,9.0,36.7,3,Low Risk
2020.0,Russia,15.7,5.0,17.7,35.8,9.0,16.8,0,Medium-High Risk
2022.0,UK,19.2,3.3,7.5,44.7,13.0,31.1,1,High Risk
2015.0,China,15.4,1.6,20.4,14.2,0.0,69.9,1,High Risk
2006.0,USA,17.2,3.8,32.0,44.3,5.0,63.3,0,Medium-High Risk
2012.0,Canada,12.3,4.6,28.5,7.7,0.0,12.9,2,Medium-Low Risk
2020.0,China,16.8,4.0,11.8,45.0,8.0,43.8,1,High Risk
2009.0,Germany,15.8,1.3,34.3,19.8,13.0,48.9,0,Medium-High Risk
2006.0,Germany,7.9,4.6,25.0,19.2,1.0,22.6,2,Medium-Low Risk
2013.0,Russia,11.3,4.2,5.3,28.0,10.0,18.7,3,Low Risk
2004.0,Japan,16.2,1.6,12.7,47.3,1.0,64.3,1,High Risk
2002.0,India,1.4,1.2,12.8,7.2,6.0,68.1,2,Medium-Low Risk
2022.0,Japan,16.3,3.2,7.1,20.9,1.0,69.5,1,High Risk
2010.0,Mexico,4.0,1.6,33.8,43.5,9.0,57.4,3,Low Risk
2010.0,UK,10.5,4.3,19.3,22.8,7.0,49.8,2,Medium-Low Risk
2017.0,South Africa,16.3,2.4,31.9,14.0,5.0,30.7,0,Medium-High Risk
2014.0,France,5.4,4.7,14.7,24.1,13.0,20.3,3,Low Risk
2011.0,Japan,5.3,3.3,8.8,22.3,6.0,14.7,3,Low Risk
2008.0,Indonesia,8.4,1.7,19.2,46.2,6.0,51.6,3,Low Risk
2009.0,France,17.9,1.6,8.4,39.3,5.0,57.1,1,High Risk
2011.0,UK,0.5,3.3,19.6,27.7,9.0,59.6,2,Medium-Low Risk
2016.0,France,18.1,4.0,32.6,49.5,10.0,64.8,0,Medium-High Risk
2005.0,Canada,3.5,4.1,20.6,25.9,8.0,62.8,2,Medium-Low Risk
2006.0,USA,19.8,2.1,23.5,7.6,12.0,70.0,1,High Risk
2013.0,Canada,19.1,1.8,9.7,16.8,8.0,24.6,1,High Risk
2012.0,France,10.1,1.1,6.3,24.6,14.0,55.8,1,High Risk
2007.0,China,10.5,3.7,8.3,12.1,6.0,45.2,1,High Risk
2009.0,Germany,9.9,1.3,23.0,47.6,8.0,25.7,3,Low Risk
2008.0,France,12.9,2.7,7.9,39.5,12.0,68.9,1,High Risk
2017.0,Canada,2.3,3.4,16.3,17.1,9.0,63.9,2,Medium-Low Risk
2001.0,Argentina,1.1,4.7,21.5,31.6,2.0,17.7,3,Low Risk
2004.0,UK,1.6,2.2,16.7,37.5,2.0,11.6,3,Low Risk
2004.0,China,9.2,2.0,9.9,47.4,0.0,51.3,3,Low Risk
2005.0,Canada,5.9,3.6,13.2,44.7,4.0,46.2,3,Low Risk
2018.0,Japan,12.6,3.5,32.8,28.2,14.0,66.1,0,Medium-High Risk
2007.0,Brazil,19.9,2.3,25.3,39.9,3.0,24.0,0,Medium-High Risk
2015.0,Russia,8.0,4.7,19.9,30.3,1.0,15.1,3,Low Risk
2012.0,India,11.7,4.4,5.4,29.9,8.0,25.6,1,High Risk
2000.0,South Africa,8.6,1.9,34.8,10.2,2.0,11.1,2,Medium-Low Risk
2021.0,Canada,17.0,2.0,25.1,10.7,14.0,12.2,0,Medium-High Risk
2019.0,Indonesia,18.1,3.0,14.5,28.8,7.0,64.9,1,High Risk
2016.0,India,17.6,4.1,31.4,17.1,5.0,31.1,0,Medium-High Risk
2006.0,UK,19.5,1.2,12.8,5.9,13.0,34.6,1,High Risk
2012.0,Argentina,1.0,3.8,21.3,37.5,12.0,11.1,3,Low Risk
2003.0,Australia,16.9,3.6,24.1,6.5,4.0,26.2,0,Medium-High Risk
2003.0,Canada,15.2,1.9,11.6,31.8,0.0,58.3,1,High Risk
2005.0,Brazil,5.0,3.7,34.4,29.3,3.0,46.9,2,Medium-Low Risk
2018.0,India,19.1,4.8,27.4,48.6,2.0,55.2,0,Medium-High Risk
2011.0,South Africa,3.4,1.2,21.7,26.8,0.0,36.8,3,Low Risk
2021.0,France,13.8,2.3,10.4,7.9,11.0,28.6,1,High Risk
2006.0,Canada,4.9,2.8,6.6,29.8,14.0,39.0,3,Low Risk
2009.0,USA,8.9,4.6,14.6,42.8,4.0,29.4,3,Low Risk
2018.0,Argentina,14.5,4.8,27.6,49.9,5.0,60.3,0,Medium-High Risk
2006.0,UK,11.5,2.8,13.1,24.4,1.0,27.9,1,High Risk
2002.0,Russia,8.8,4.0,21.2,19.4,14.0,49.6,2,Medium-Low Risk
2012.0,Brazil,6.9,3.1,26.8,45.8,13.0,18.2,3,Low Risk
2012.0,Mexico,16.9,3.2,8.2,13.6,2.0,51.2,1,High Risk
2017.0,Mexico,3.3,2.1,25.6,32.7,10.0,64.8,2,Medium-Low Risk
2019.0,Indonesia,8.9,1.9,7.8,23.3,13.0,46.5,1,High Risk
2007.0,India,18.1,2.2,34.0,6.8,14.0,43.6,0,Medium-High Risk
2008.0,Brazil,17.0,3.2,19.7,20.6,5.0,67.7,1,High Risk
2006.0,China,8.3,1.1,9.5,16.9,3.0,47.6,1,High Risk
2000.0,South Africa,15.4,4.6,15.3,35.9,8.0,25.6,0,Medium-High Risk
2002.0,Russia,16.6,1.6,17.4,47.7,4.0,27.5,1,High Risk
2012.0,France,17.8,1.9,27.7,17.1,3.0,52.3,1,High Risk
2016.0,Canada,11.1,3.1,27.3,41.5,1.0,54.1,0,Medium-High Risk
2023.0,Canada,4.5,3.8,23.4,7.5,5.0,28.2,2,Medium-Low Risk
2000.0,Mexico,5.5,1.4,8.2,29.2,9.0,30.7,3,Low Risk
2005.0,Canada,6.3,2.3,9.5,8.2,1.0,69.5,2,Medium-Low Risk
2020.0,UK,12.1,4.9,7.8,47.0,11.0,16.1,3,Low Risk
2005.0,Russia,1.1,2.0,22.3,39.5,12.0,34.3,3,Low Risk
2011.0,USA,12.9,2.3,31.3,34.6,6.0,13.7,0,Medium-High Risk
2012.0,Australia,7.6,4.3,18.0,42.1,2.0,59.3,3,Low Risk
2012.0,Indonesia,6.3,1.2,9.8,34.1,8.0,15.5,3,Low Risk
2014.0,Germany,17.7,2.9,21.7,48.6,10.0,50.4,0,Medium-High Risk
2020.0,Japan,9.5,2.5,29.4,37.1,4.0,13.4,3,Low Risk
2015.0,Indonesia,2.4,2.3,27.3,46.6,7.0,50.4,3,Low Risk
2021.0,India,16.6,2.1,31.4,28.3,10.0,60.6,0,Medium-High Risk
2020.0,USA,1.4,1.4,13.3,10.3,5.0,33.9,2,Medium-Low Risk
2010.0,Indonesia,14.7,2.3,10.8,28.8,13.0,41.3,1,High Risk
2004.0,France,15.6,1.2,31.4,10.7,11.0,34.1,0,Medium-High Risk
2003.0,Mexico,7.4,4.1,24.7,31.7,9.0,28.0,0,Medium-High Risk
2002.0,Argentina,16.6,2.6,14.3,26.7,7.0,58.2,1,High Risk
2018.0,India,10.6,2.8,27.3,33.0,12.0,26.3,0,Medium-High Risk
2019.0,Canada,9.5,4.6,29.5,5.5,12.0,53.4,2,Medium-Low Risk
2017.0,Brazil,1.4,3.6,23.4,13.8,10.0,22.4,2,Medium-Low Risk
2014.0,France,6.2,1.0,25.6,27.1,11.0,25.0,3,Low Risk
2008.0,India,18.7,4.8,16.3,47.8,2.0,30.2,0,Medium-High Risk
2016.0,Argentina,8.1,1.9,21.2,22.3,2.0,45.3,2,Medium-Low Risk
2013.0,South Africa,11.2,1.4,20.7,24.1,4.0,37.3,1,High Risk
2014.0,Canada,10.9,4.1,30.4,37.2,10.0,54.7,0,Medium-High Risk
2000.0,Indonesia,12.0,3.0,30.2,32.2,9.0,22.8,0,Medium-High Risk
2020.0,Indonesia,1.7,2.7,30.0,18.5,2.0,10.6,2,Medium-Low Risk
2021.0,India,7.6,2.0,5.3,23.5,7.0,56.6,1,High Risk
2021.0,Brazil,14.6,3.2,27.5,14.8,9.0,59.3,0,Medium-High Risk
2002.0,South Africa,4.4,2.1,27.8,48.5,12.0,13.6,3,Low Risk
2015.0,Canada,4.5,4.6,25.4,10.9,11.0,46.7,2,Medium-Low Risk
2022.0,Argentina,0.7,1.9,27.7,21.7,13.0,32.7,2,Medium-Low Risk
2010.0,Australia,9.0,4.5,30.3,6.2,7.0,57.6,2,Medium-Low Risk
2011.0,Indonesia,17.7,3.2,19.1,15.0,1.0,62.5,1,High Risk
2009.0,Argentina,1.5,4.3,20.1,40.1,11.0,61.1,3,Low Risk
2015.0,USA,4.2,3.9,8.7,14.1,3.0,56.6,2,Medium-Low Risk
2007.0,Indonesia,6.5,3.8,16.6,8.6,9.0,26.1,2,Medium-Low Risk
2005.0,Argentina,14.8,2.3,24.3,26.4,12.0,58.7,0,Medium-High Risk
2011.0,China,13.0,1.9,28.4,5.4,0.0,42.0,2,Medium-Low Risk
2023.0,Mexico,8.6,1.8,11.5,8.8,3.0,13.2,1,High Risk
2020.0,Japan,15.3,4.4,9.1,41.3,11.0,37.4,1,High Risk
2007.0,Russia,12.4,4.3,24.9,39.7,12.0,66.5,0,Medium-High Risk
2003.0,Mexico,18.0,2.8,5.1,46.2,12.0,63.3,1,High Risk
2007.0,UK,16.5,1.5,10.4,43.5,10.0,16.1,1,High Risk
2017.0,Japan,5.4,2.5,5.9,35.7,12.0,54.6,3,Low Risk
2004.0,France,5.8,3.5,10.0,7.4,3.0,58.3,2,Medium-Low Risk
2008.0,Argentina,2.9,2.8,10.4,40.2,9.0,26.3,3,Low Risk
2003.0,Japan,7.1,4.1,16.6,43.0,8.0,38.3,3,Low Risk
2021.0,UK,20.0,5.0,17.1,41.0,14.0,52.7,0,Medium-High Risk
2016.0,Canada,8.4,1.8,31.2,27.9,2.0,36.3,2,Medium-Low Risk
2008.0,Australia,4.8,2.8,20.3,15.5,14.0,16.8,2,Medium-Low Risk
2000.0,China,15.4,2.7,26.7,43.0,1.0,52.4,0,Medium-High Risk
2020.0,USA,11.1,2.2,8.1,37.7,8.0,64.7,1,High Risk
2019.0,Argentina,3.4,1.8,11.8,49.1,8.0,49.1,3,Low Risk
2012.0,USA,7.9,1.3,26.1,12.0,0.0,56.4,2,Medium-Low Risk
2015.0,Brazil,8.6,4.5,6.6,15.2,5.0,31.5,2,Medium-Low Risk
2012.0,Indonesia,15.2,2.7,19.6,14.5,9.0,21.0,0,Medium-High Risk
2013.0,Argentina,0.9,3.0,23.0,40.7,7.0,48.6,3,Low Risk
2002.0,Russia,5.7,4.7,23.1,13.4,2.0,29.7,2,Medium-Low Risk
2005.0,Argentina,10.6,4.1,5.7,8.0,10.0,61.6,1,High Risk
2017.0,India,5.7,1.5,14.7,49.9,8.0,17.4,3,Low Risk
2018.0,Australia,12.8,3.3,24.1,6.1,1.0,36.0,2,Medium-Low Risk
2004.0,India,9.9,2.8,9.5,42.6,5.0,33.8,3,Low Risk
2014.0,Argentina,7.6,4.2,25.9,21.4,0.0,66.3,2,Medium-Low Risk
2001.0,China,19.0,3.9,27.4,42.9,12.0,19.2,0,Medium-High Risk
2009.0,Japan,12.8,3.8,34.5,30.0,6.0,10.6,0,Medium-High Risk
2023.0,USA,3.0,2.4,11.3,45.6,2.0,24.3,3,Low Risk
2017.0,China,11.4,4.2,29.8,46.7,6.0,59.2,0,Medium-High Risk
2012.0,Argentina,15.7,1.2,20.6,5.4,3.0,22.6,1,High Risk
2004.0,UK,14.3,1.6,16.2,8.4,8.0,24.5,1,High Risk
2022.0,Japan,3.9,2.3,8.7,16.3,4.0,17.8,3,Low Risk
2023.0,UK,19.5,1.3,27.1,35.1,2.0,52.9,1,High Risk
2000.0,USA,9.3,1.9,12.1,45.0,14.0,14.2,3,Low Risk
2021.0,Japan,3.6,4.3,16.1,25.7,7.0,29.9,3,Low Risk
2000.0,Russia,4.0,4.8,6.9,32.3,5.0,26.9,3,Low Risk
2017.0,Australia,2.4,2.2,29.0,13.5,1.0,43.3,2,Medium-Low Risk
2014.0,Mexico,16.2,2.1,28.0,41.2,2.0,53.8,0,Medium-High Risk
2016.0,South Africa,2.9,2.1,27.0,48.5,7.0,42.0,3,Low Risk
2010.0,France,2.9,2.1,14.0,17.1,14.0,65.9,2,Medium-Low Risk
2020.0,China,17.1,1.1,10.2,27.3,9.0,67.1,1,High Risk
2021.0,Indonesia,7.2,4.7,24.1,8.9,6.0,31.7,2,Medium-Low Risk
2016.0,China,1.1,1.9,19.9,30.2,9.0,56.7,3,Low Risk
2012.0,South Africa,1.5,2.7,10.3,27.6,5.0,54.3,3,Low Risk
2000.0,Mexico,3.3,1.0,25.6,11.5,13.0,63.6,2,Medium-Low Risk
2001.0,Germany,4.7,4.4,34.7,24.9,0.0,36.9,2,Medium-Low Risk
2008.0,Canada,13.5,3.9,27.4,20.0,8.0,41.8,0,Medium-High Risk
2002.0,Russia,3.6,4.8,27.2,28.5,2.0,34.9,2,Medium-Low Risk
2000.0,UK,2.8,4.1,33.5,31.4,13.0,61.0,2,Medium-Low Risk
2020.0,Argentina,15.4,2.3,11.1,5.4,4.0,23.8,1,High Risk
2015.0,Russia,13.6,2.0,22.0,39.2,6.0,24.4,3,Low Risk
2022.0,South Africa,9.0,3.8,34.4,37.1,14.0,32.4,0,Medium-High Risk
2005.0,Argentina,11.2,2.5,10.0,21.5,6.0,23.8,1,High Risk
2016.0,Indonesia,6.6,3.3,26.0,7.4,2.0,43.7,2,Medium-Low Risk
2004.0,India,9.9,1.0,22.6,39.0,14.0,18.1,3,Low Risk
2004.0,Japan,10.4,1.2,22.6,48.0,3.0,29.2,3,Low Risk
2005.0,Canada,8.1,3.1,25.9,15.8,9.0,64.8,2,Medium-Low Risk
2002.0,Australia,18.2,3.3,32.9,19.6,6.0,34.6,0,Medium-High Risk
2020.0,Australia,0.8,4.0,28.5,13.3,7.0,54.9,2,Medium-Low Risk
2022.0,South Africa,15.8,1.5,6.7,31.0,1.0,16.8,1,High Risk
2004.0,Russia,2.9,3.1,30.6,12.0,8.0,24.9,2,Medium-Low Risk
2020.0,Australia,16.1,1.8,11.8,21.0,6.0,58.4,1,High Risk
2004.0,Indonesia,12.5,1.4,16.3,36.4,12.0,55.8,1,High Risk
2009.0,UK,16.9,2.6,18.9,30.2,7.0,33.2,1,High Risk
2009.0,Germany,2.4,1.7,19.4,22.4,5.0,67.3,2,Medium-Low Risk
2018.0,China,11.4,1.9,18.1,23.9,5.0,64.6,1,High Risk
2016.0,Brazil,10.3,2.3,33.1,30.3,8.0,67.7,0,Medium-High Risk
2020.0,Indonesia,14.3,2.0,26.2,5.3,3.0,35.7,2,Medium-Low Risk
2013.0,Argentina,10.9,1.4,23.9,8.5,10.0,21.8,2,Medium-Low Risk
2008.0,France,11.0,1.4,6.5,44.7,10.0,47.6,1,High Risk
2013.0,South Africa,8.9,1.8,32.1,8.5,4.0,51.1,2,Medium-Low Risk
2000.0,India,6.5,1.2,32.3,36.8,8.0,17.5,3,Low Risk
2018.0,Japan,9.9,3.5,28.4,46.4,0.0,57.2,3,Low Risk
2012.0,France,2.8,2.1,5.2,17.2,3.0,11.1,3,Low Risk
2012.0,Japan,19.2,2.1,6.7,21.7,6.0,39.0,1,High Risk
2003.0,USA,14.4,2.3,11.8,30.6,10.0,29.9,1,High Risk
2000.0,France,19.1,3.7,8.9,44.7,14.0,54.4,1,High Risk
2016.0,Brazil,4.9,4.5,17.0,47.4,8.0,28.8,3,Low Risk
2007.0,Russia,17.6,4.0,32.7,38.3,14.0,59.6,0,Medium-High Risk
2001.0,Germany,16.3,3.9,19.2,8.9,13.0,45.7,0,Medium-High Risk
2007.0,China,13.7,2.9,5.4,35.1,12.0,57.6,1,High Risk
2006.0,China,12.7,3.8,13.5,23.5,10.0,69.4,1,High Risk
2001.0,Germany,6.7,3.2,6.3,26.2,11.0,50.7,3,Low Risk
2021.0,UK,16.4,1.9,6.1,7.2,12.0,69.1,1,High Risk
2021.0,Canada,10.3,1.8,13.3,13.6,9.0,11.7,1,High Risk
2002.0,USA,1.9,2.2,13.3,40.6,5.0,30.3,3,Low Risk
2017.0,Japan,6.6,4.6,28.6,25.4,11.0,16.5,0,Medium-High Risk
2011.0,Brazil,18.7,3.2,34.2,18.6,7.0,25.7,0,Medium-High Risk
2000.0,Australia,17.1,3.9,16.1,22.3,12.0,60.3,1,High Risk
2021.0,France,19.6,2.4,17.9,43.4,8.0,11.9,0,Medium-High Risk
2011.0,USA,12.7,2.6,30.3,38.7,9.0,41.2,0,Medium-High Risk
2004.0,Indonesia,5.3,1.5,13.0,17.3,3.0,44.0,2,Medium-Low Risk
2016.0,South Africa,3.7,1.7,9.7,10.3,0.0,43.7,2,Medium-Low Risk
2015.0,France,4.1,4.3,30.6,16.3,13.0,38.5,2,Medium-Low Risk
2014.0,Brazil,0.9,3.3,6.4,46.4,7.0,57.4,3,Low Risk
2022.0,India,8.1,2.4,23.6,31.2,1.0,18.0,3,Low Risk
2014.0,India,4.2,4.2,21.9,29.0,10.0,28.6,3,Low Risk
2004.0,Argentina,8.5,2.0,15.4,31.8,0.0,46.9,1,High Risk
2020.0,USA,18.7,4.9,14.5,21.5,12.0,51.5,0,Medium-High Risk
2013.0,Russia,8.9,2.4,28.2,41.3,6.0,34.2,3,Low Risk
2001.0,Brazil,17.6,2.3,7.6,28.5,11.0,62.5,1,High Risk
2010.0,Brazil,12.3,2.2,12.1,10.3,9.0,34.9,1,High Risk
2018.0,Germany,5.3,1.5,27.0,10.8,8.0,34.2,2,Medium-Low Risk
2006.0,Indonesia,7.4,1.4,21.4,29.2,10.0,12.2,3,Low Risk
2005.0,Russia,2.1,3.6,8.8,47.1,14.0,43.1,3,Low Risk
2001.0,Indonesia,7.0,4.5,31.5,18.9,11.0,52.5,2,Medium-Low Risk
2005.0,UK,13.7,4.2,16.8,44.1,11.0,16.9,0,Medium-High Risk
2017.0,Japan,1.9,1.6,29.8,39.4,8.0,28.3,3,Low Risk
2001.0,Japan,4.5,3.2,28.6,16.2,2.0,56.9,2,Medium-Low Risk
2017.0,Australia,7.9,1.4,23.7,6.6,5.0,32.0,2,Medium-Low Risk
2014.0,Argentina,19.6,1.2,19.8,9.6,6.0,24.5,1,High Risk
2018.0,China,15.8,3.6,34.4,37.8,13.0,50.3,0,Medium-High Risk
2001.0,India,14.8,3.1,9.3,14.0,9.0,21.8,1,High Risk
2019.0,South Africa,2.8,1.3,26.8,21.7,8.0,63.7,2,Medium-Low Risk
2005.0,Japan,15.7,1.1,10.7,27.6,14.0,16.3,1,High Risk
2000.0,Russia,15.8,5.0,15.1,37.6,1.0,52.4,1,High Risk
2023.0,Brazil,12.2,1.1,14.3,10.1,7.0,40.0,1,High Risk
2014.0,South Africa,19.8,2.8,33.4,23.3,13.0,62.2,0,Medium-High Risk
2022.0,Mexico,6.8,3.0,34.0,26.8,6.0,17.6,0,Medium-High Risk
2009.0,Indonesia,18.9,1.5,10.5,29.3,3.0,50.7,1,High Risk
2018.0,Japan,18.3,1.7,5.7,41.8,1.0,44.3,1,High Risk
2016.0,Brazil,0.7,2.4,26.6,12.7,7.0,38.8,2,Medium-Low Risk
2004.0,Japan,9.3,4.0,17.5,41.4,10.0,39.5,3,Low Risk
2003.0,India,19.6,3.0,7.7,36.2,4.0,53.3,1,High Risk
2009.0,Mexico,2.5,3.6,25.5,30.0,5.0,66.3,2,Medium-Low Risk
2023.0,France,11.2,4.9,21.4,36.5,13.0,15.5,0,Medium-High Risk
2016.0,Japan,19.6,4.1,34.4,23.5,10.0,11.2,0,Medium-High Risk
2009.0,UK,11.3,2.7,11.8,11.2,6.0,58.3,1,High Risk
2016.0,Russia,4.2,2.8,17.1,35.0,14.0,16.5,3,Low Risk
2019.0,Japan,11.9,3.5,21.3,28.6,14.0,69.2,0,Medium-High Risk
2023.0,China,4.5,3.7,28.8,33.8,9.0,47.2,2,Medium-Low Risk
2004.0,South Africa,10.6,3.0,21.5,20.2,0.0,49.1,2,Medium-Low Risk
2001.0,South Africa,1.9,3.6,23.4,45.8,7.0,21.9,3,Low Risk
2005.0,India,12.3,1.1,11.8,31.4,3.0,24.4,1,High Risk
2020.0,Russia,10.6,2.7,30.4,8.8,12.0,49.6,2,Medium-Low Risk
2001.0,Mexico,14.9,2.1,17.9,25.2,8.0,64.6,1,High Risk
2012.0,UK,12.8,1.5,9.2,39.0,0.0,68.9,1,High Risk
2010.0,Germany,11.2,1.4,24.9,40.7,10.0,21.9,3,Low Risk
2010.0,Russia,14.0,3.4,11.5,27.3,1.0,18.0,1,High Risk
2015.0,South Africa,3.3,3.1,7.9,45.3,13.0,13.4,3,Low Risk
2010.0,China,12.1,2.0,30.9,17.0,5.0,62.1,2,Medium-Low Risk
2018.0,France,3.9,2.9,18.8,23.5,10.0,27.7,3,Low Risk
2014.0,India,18.5,3.0,27.5,45.4,9.0,10.1,0,Medium-High Risk
2022.0,Germany,1.8,1.8,13.7,45.3,10.0,23.4,3,Low Risk
2022.0,China,8.9,3.6,28.6,35.9,13.0,30.4,0,Medium-High Risk
2015.0,Mexico,14.1,4.1,8.4,43.7,0.0,69.5,1,High Risk
2010.0,Indonesia,9.4,4.2,15.7,9.0,3.0,41.4,2,Medium-Low Risk
2021.0,Mexico,2.3,3.4,34.3,43.9,7.0,22.3,3,Low Risk
2015.0,China,11.3,3.0,28.8,19.4,14.0,30.1,0,Medium-High Risk
2007.0,Indonesia,13.0,1.2,19.9,13.0,9.0,29.8,1,High Risk
2003.0,USA,14.2,2.2,15.2,15.8,4.0,11.2,1,High Risk
2007.0,India,7.8,1.4,31.2,23.8,12.0,18.1,0,Medium-High Risk
2003.0,Russia,11.5,4.9,21.3,16.3,8.0,51.7,2,Medium-Low Risk
2023.0,Indonesia,9.3,1.5,27.8,19.4,10.0,17.2,0,Medium-High Risk
2002.0,Argentina,13.6,1.6,27.6,11.1,10.0,23.8,0,Medium-High Risk
2002.0,Indonesia,11.9,4.6,5.5,18.3,5.0,31.0,1,High Risk
2017.0,Brazil,10.8,4.8,8.8,30.8,0.0,55.5,1,High Risk
2018.0,France,5.4,4.1,24.8,24.9,5.0,44.9,2,Medium-Low Risk
2018.0,Brazil,0.5,1.0,9.8,20.6,5.0,51.3,3,Low Risk
2020.0,Russia,3.9,1.0,12.7,38.6,12.0,44.0,3,Low Risk
2004.0,Russia,2.8,2.5,33.4,45.2,5.0,51.0,3,Low Risk
2017.0,India,9.3,1.6,21.8,39.1,7.0,10.2,3,Low Risk
2009.0,Russia,12.4,1.1,27.5,19.9,14.0,65.9,0,Medium-High Risk
2021.0,South Africa,4.7,2.9,21.7,38.5,5.0,16.7,3,Low Risk
2020.0,Indonesia,18.8,4.8,21.6,11.8,4.0,34.4,0,Medium-High Risk
2005.0,Indonesia,0.6,2.3,7.8,10.9,14.0,56.3,2,Medium-Low Risk
2000.0,USA,15.6,3.6,15.3,20.6,10.0,36.1,1,High Risk
2004.0,Germany,12.7,3.6,13.5,41.3,1.0,66.8,1,High Risk
2008.0,Russia,7.8,2.0,16.7,16.1,3.0,38.1,2,Medium-Low Risk
2011.0,Brazil,1.5,3.6,29.0,7.8,13.0,62.5,2,Medium-Low Risk
2013.0,Russia,12.7,1.8,16.2,10.9,14.0,58.6,1,High Risk
2001.0,Mexico,8.0,1.5,18.6,43.6,9.0,68.9,3,Low Risk
2016.0,USA,18.8,3.8,16.9,33.5,4.0,65.6,1,High Risk
2013.0,South Africa,11.1,1.5,7.8,16.4,9.0,63.9,1,High Risk
2012.0,South Africa,18.8,5.0,18.2,30.0,3.0,53.9,1,High Risk
2008.0,Japan,4.8,1.7,10.9,28.7,1.0,32.0,3,Low Risk
2014.0,Indonesia,14.7,3.4,10.6,34.5,6.0,16.4,1,High Risk
2021.0,South Africa,12.5,2.6,7.8,15.5,9.0,51.3,1,High Risk
2014.0,Indonesia,14.9,1.5,15.7,43.9,9.0,68.7,1,High Risk
2023.0,Japan,4.7,1.1,27.7,18.9,1.0,53.6,2,Medium-Low Risk
2010.0,China,13.5,3.5,13.3,36.2,0.0,65.7,1,High Risk
2015.0,France,10.2,4.2,14.4,5.7,13.0,58.3,2,Medium-Low Risk
2016.0,Australia,15.0,4.4,24.3,21.8,4.0,19.8,0,Medium-High Risk
2003.0,UK,6.9,2.9,10.9,20.8,11.0,25.0,3,Low Risk
2000.0,South Africa,17.9,4.1,31.9,29.5,12.0,30.5,0,Medium-High Risk
2007.0,Germany,2.1,3.7,20.6,8.3,0.0,20.1,2,Medium-Low Risk
2016.0,Mexico,16.2,3.9,18.4,40.6,0.0,44.9,1,High Risk
2002.0,Canada,17.3,3.0,21.7,14.8,14.0,68.5,0,Medium-High Risk
2019.0,China,16.4,3.5,10.0,35.5,0.0,55.7,1,High Risk
2014.0,South Africa,10.5,4.2,23.4,41.1,5.0,35.4,0,Medium-High Risk
2014.0,Indonesia,9.0,2.6,15.9,30.3,8.0,10.3,3,Low Risk
2023.0,France,19.9,4.2,31.9,38.3,9.0,28.8,0,Medium-High Risk
2021.0,Japan,5.0,3.4,10.1,34.8,12.0,41.6,3,Low Risk
2013.0,Brazil,11.2,1.7,20.2,21.0,10.0,29.5,1,High Risk
2022.0,UK,13.6,1.1,22.9,41.4,11.0,16.7,3,Low Risk
2013.0,Canada,14.2,2.5,6.0,18.3,0.0,36.6,1,High Risk
2023.0,France,4.5,3.2,15.9,30.7,4.0,25.2,3,Low Risk
2001.0,France,13.3,4.4,27.0,38.5,14.0,64.6,0,Medium-High Risk
2012.0,South Africa,16.5,1.5,29.6,22.1,8.0,16.1,0,Medium-High Risk
2013.0,China,1.5,4.2,14.4,18.6,13.0,12.9,3,Low Risk
2023.0,Argentina,18.3,4.5,29.0,25.7,8.0,10.3,0,Medium-High Risk
2018.0,Canada,1.1,1.6,34.0,41.8,0.0,29.7,3,Low Risk
2006.0,UK,7.4,4.4,30.7,46.8,7.0,49.6,0,Medium-High Risk
2002.0,India,0.8,5.0,8.5,29.5,0.0,53.8,2,Medium-Low Risk
2014.0,Australia,2.0,3.9,27.2,34.8,14.0,37.2,3,Low Risk
2022.0,India,18.3,4.1,14.6,45.6,7.0,51.1,1,High Risk
2013.0,Argentina,7.4,5.0,34.7,9.4,0.0,31.6,2,Medium-Low Risk
2010.0,Indonesia,8.8,3.4,19.6,15.4,11.0,50.1,2,Medium-Low Risk
2014.0,Indonesia,4.7,2.2,8.7,36.9,4.0,12.4,3,Low Risk
2012.0,Mexico,12.1,4.4,26.8,42.1,7.0,33.4,0,Medium-High Risk
2017.0,Canada,12.1,3.5,14.7,43.6,5.0,57.5,1,High Risk
2005.0,India,7.8,3.3,34.9,23.7,8.0,58.2,2,Medium-Low Risk
2002.0,Indonesia,7.0,2.0,34.4,9.0,0.0,53.0,2,Medium-Low Risk
2018.0,Argentina,17.8,4.0,24.7,24.7,8.0,22.3,0,Medium-High Risk
2014.0,South Africa,8.0,1.3,8.9,15.4,0.0,24.8,1,High Risk
2022.0,USA,10.1,4.7,25.6,18.1,9.0,69.8,2,Medium-Low Risk
2004.0,Japan,6.0,2.3,7.8,39.8,9.0,16.2,3,Low Risk
2009.0,USA,15.8,1.5,5.9,8.4,2.0,20.8,1,High Risk
2006.0,Russia,8.3,2.8,29.7,42.2,0.0,17.8,3,Low Risk
2016.0,UK,10.5,1.2,11.3,24.2,2.0,29.7,1,High Risk
2006.0,India,5.4,3.7,16.4,31.8,11.0,22.6,3,Low Risk
2021.0,Mexico,19.8,4.6,34.2,9.0,10.0,39.9,0,Medium-High Risk
2011.0,Russia,6.2,4.3,15.1,20.2,12.0,38.6,2,Medium-Low Risk
2016.0,Indonesia,15.5,1.5,13.9,9.0,1.0,64.1,1,High Risk
2012.0,Brazil,8.8,1.5,32.5,48.3,1.0,12.1,3,Low Risk
2019.0,Germany,4.5,4.3,8.3,41.3,8.0,29.2,3,Low Risk
2003.0,Brazil,16.1,4.7,27.8,25.7,7.0,45.8,0,Medium-High Risk
2009.0,Argentina,7.0,2.8,34.6,15.1,0.0,46.3,2,Medium-Low Risk
2002.0,Canada,17.4,3.0,32.0,47.0,11.0,38.8,0,Medium-High Risk
2008.0,France,18.3,2.3,24.6,20.5,13.0,58.9,0,Medium-High Risk
2012.0,Japan,17.3,4.6,14.4,12.2,3.0,13.8,1,High Risk
2017.0,India,1.2,3.6,12.6,30.3,12.0,58.9,3,Low Risk
2014.0,UK,15.9,2.2,29.6,47.5,0.0,39.7,0,Medium-High Risk
2003.0,Mexico,8.5,2.2,31.4,5.2,0.0,18.0,2,Medium-Low Risk
2014.0,Mexico,17.5,4.6,20.8,15.7,11.0,63.1,0,Medium-High Risk
2021.0,UK,12.9,1.1,12.3,47.2,11.0,49.0,1,High Risk
2001.0,Argentina,16.8,2.3,8.4,12.7,3.0,19.8,1,High Risk
2014.0,China,10.2,3.2,7.6,10.1,1.0,12.0,1,High Risk
2007.0,Indonesia,10.9,1.6,26.6,30.7,2.0,18.5,3,Low Risk
2007.0,Germany,3.3,1.4,17.6,43.8,10.0,46.5,3,Low Risk
2016.0,Australia,15.8,4.3,32.2,26.5,8.0,20.8,0,Medium-High Risk
2011.0,Australia,8.7,4.6,27.2,49.8,1.0,23.5,3,Low Risk
2018.0,Australia,10.3,4.3,10.7,35.6,3.0,11.5,3,Low Risk
2009.0,India,15.8,4.6,23.4,8.3,0.0,53.4,2,Medium-Low Risk
2008.0,Australia,12.2,3.2,18.1,49.7,1.0,58.6,3,Low Risk
2004.0,South Africa,4.4,4.2,22.3,23.4,4.0,57.8,2,Medium-Low Risk
2005.0,USA,12.0,2.5,27.1,17.9,13.0,17.7,0,Medium-High Risk
2019.0,Mexico,8.4,3.7,29.2,30.1,9.0,64.2,2,Medium-Low Risk
2001.0,Germany,9.7,5.0,30.3,18.7,14.0,50.3,0,Medium-High Risk
2023.0,USA,1.1,1.9,12.6,8.9,0.0,63.9,2,Medium-Low Risk
2012.0,France,4.6,2.6,5.9,5.1,10.0,36.8,2,Medium-Low Risk
2005.0,Germany,6.0,2.9,27.2,25.2,6.0,36.2,2,Medium-Low Risk
2004.0,USA,14.4,1.6,8.2,42.7,3.0,57.1,1,High Risk
2000.0,Germany,0.7,1.3,14.4,30.8,5.0,15.6,3,Low Risk
2020.0,France,8.5,4.3,5.1,50.0,7.0,41.3,3,Low Risk
2021.0,Russia,18.5,4.9,25.5,17.9,12.0,60.2,0,Medium-High Risk
2020.0,South Africa,2.7,2.6,10.0,17.6,5.0,59.8,2,Medium-Low Risk
2005.0,India,10.6,1.4,24.7,12.2,13.0,67.4,2,Medium-Low Risk
2005.0,India,15.8,1.3,34.8,12.4,1.0,51.9,2,Medium-Low Risk
2022.0,Argentina,18.9,4.6,7.2,17.8,0.0,22.5,1,High Risk
2015.0,UK,15.1,2.9,7.3,40.7,7.0,11.2,1,High Risk
2003.0,Indonesia,14.6,2.3,15.2,45.8,7.0,38.8,1,High Risk
2010.0,Mexico,16.6,2.9,31.0,48.9,8.0,40.8,0,Medium-High Risk
2023.0,Australia,9.2,2.3,11.5,15.5,5.0,24.4,1,High Risk
2022.0,South Africa,16.2,3.0,15.8,44.7,11.0,17.5,0,Medium-High Risk
2008.0,Brazil,0.7,4.4,7.1,19.8,0.0,45.2,2,Medium-Low Risk
2022.0,Australia,18.5,3.4,27.9,10.1,13.0,55.9,0,Medium-High Risk
2002.0,Indonesia,9.1,3.8,17.2,44.2,8.0,69.6,3,Low Risk
2018.0,Mexico,11.3,2.5,27.8,33.6,11.0,55.5,0,Medium-High Risk
2007.0,Canada,5.5,4.0,32.1,12.4,12.0,57.6,2,Medium-Low Risk
2004.0,Indonesia,15.0,3.7,12.0,24.3,14.0,47.0,1,High Risk
2003.0,South Africa,2.0,1.5,29.2,17.9,13.0,69.2,2,Medium-Low Risk
2023.0,USA,17.5,3.3,6.8,38.2,2.0,48.4,1,High Risk
2005.0,Germany,16.6,2.0,32.0,25.4,10.0,61.6,0,Medium-High Risk
2001.0,UK,4.7,4.2,24.5,49.5,5.0,66.7,3,Low Risk
2019.0,UK,16.3,2.7,31.2,7.5,9.0,65.8,0,Medium-High Risk
2010.0,Brazil,15.8,5.0,5.0,21.0,12.0,32.9,1,High Risk
2003.0,South Africa,12.8,1.4,10.1,26.7,9.0,14.7,1,High Risk
2014.0,France,7.8,4.1,16.7,27.6,14.0,20.3,3,Low Risk
2005.0,Canada,5.8,3.7,16.4,19.2,10.0,13.6,3,Low Risk
2021.0,France,5.0,4.1,11.8,37.8,11.0,16.3,3,Low Risk
2016.0,India,6.7,2.2,16.4,44.4,13.0,21.1,3,Low Risk
2023.0,Argentina,18.1,3.0,8.9,47.2,14.0,30.5,1,High Risk
2005.0,India,2.0,4.2,17.4,41.2,8.0,42.6,3,Low Risk
2018.0,Indonesia,16.7,1.9,29.1,43.3,10.0,52.7,0,Medium-High Risk
2001.0,Australia,7.3,1.9,19.4,29.8,12.0,22.7,3,Low Risk
2014.0,USA,10.7,3.2,5.5,42.2,2.0,50.4,1,High Risk
2010.0,Brazil,16.0,3.1,17.6,18.7,4.0,52.3,1,High Risk
2007.0,Indonesia,17.7,2.1,5.8,22.9,12.0,43.5,1,High Risk
2018.0,Japan,7.2,2.2,34.0,19.3,13.0,64.2,2,Medium-Low Risk
2012.0,Canada,9.5,2.1,8.8,26.0,4.0,16.7,1,High Risk
2011.0,UK,8.6,4.1,26.2,17.9,9.0,20.6,0,Medium-High Risk
2004.0,Canada,0.8,3.6,34.2,48.3,6.0,35.7,3,Low Risk
2005.0,Indonesia,6.3,4.3,29.8,19.1,3.0,17.6,2,Medium-Low Risk
2021.0,Indonesia,9.5,4.9,26.0,9.4,10.0,44.0,2,Medium-Low Risk
2003.0,South Africa,8.5,2.9,30.2,28.7,3.0,33.9,2,Medium-Low Risk
2018.0,Australia,14.6,1.3,34.5,7.6,6.0,27.1,0,Medium-High Risk
2019.0,India,8.0,1.2,23.6,10.0,8.0,20.2,2,Medium-Low Risk
2000.0,UK,10.0,2.2,21.8,14.9,14.0,30.1,0,Medium-High Risk
2019.0,Argentina,8.9,4.7,23.8,25.9,10.0,46.5,2,Medium-Low Risk
2016.0,Australia,14.9,3.1,21.0,24.5,3.0,44.5,1,High Risk
2011.0,Germany,17.3,2.1,24.1,41.0,3.0,19.8,0,Medium-High Risk
